PlayerID	PlayerName	PlayerYear	IsRP	ORG=ARI	ORG=ATL	ORG=BAL	ORG=BOS	ORG=CHI	ORG=CIN	ORG=CLE	ORG=COL	ORG=CWS	ORG=DET	ORG=HOU	ORG=KC	ORG=LA	ORG=LAA	ORG=MIA	ORG=MIL	ORG=MIN	ORG=NY	ORG=NYY	ORG=OAK	ORG=PHI	ORG=PIT	ORG=SD	ORG=SEA	ORG=SF	ORG=STL	ORG=TB	ORG=TEX	ORG=TOR	ORG=WSH	PY LRD Sal	TE=1	TE=2	TE=3+	MLS	IP	ERA	G	GS	W	L	DL	WAR	WS	SO/BB	SO/9	AVG	OBP	SLG	OPS	IP.1	ERA.1	G.1	GS.1	W.1	L.1	DL.1	WAR.1	WS.1	SO/BB.1	SO/9.1	AVG.1	OBP.1	SLG.1	OPS.1	Filed
326907	Fister, Doug	2014	0	0	0	0	0	0	0	0	0	0	0	0	0	0	0	0	0	0	0	0	0	0	0	0	0	0	0	0	0	0	1	7,200,000	0	0	1	5.058	164.0	2.41	25.0	25.0	16.0	6.0	40.0	1.4	14.0	4.08	5.38	0.24600000000000002	0.28	0.374	0.654	982.2	3.34	155.0	152.0	60.0	56.0	111.0	17.2	68.0	3.54	6.13	0.259	0.301	0.37799999999999995	0.679	0
312090	Kennedy, Ian	2014	0	0	0	0	0	0	0	0	0	0	0	0	0	0	0	0	0	0	0	0	0	0	0	1	0	0	0	0	0	0	0	6,100,000	0	0	1	5.124	201.0	3.63	33.0	33.0	13.0	13.0	0.0	3.5	9.0	2.96	9.27	0.25	0.314	0.384	0.698	1066.1	3.93	176.0	174.0	66.0	52.0	27.0	13.6	55.0	2.68	8.15	0.248	0.315	0.408	0.723	0
335090	Samardzija, Jeff	2014	0	0	0	0	0	0	0	0	0	1	0	0	0	0	0	0	0	0	0	0	0	0	0	0	0	0	0	0	0	0	0	5,345,000	0	0	1	5.0280000000000005	219.2	2.99	33.0	33.0	7.0	13.0	0.0	4.1	11.0	4.7	8.28	0.23399999999999999	0.27899999999999997	0.36700000000000005	0.6459999999999999	777.2	3.85	222.0	99.0	36.0	48.0	0.0	9.7	36.0	2.66	8.54	0.243	0.313	0.389	0.7020000000000001	0
335094	Leake, Mike	2014	0	0	0	0	0	0	1	0	0	0	0	0	0	0	0	0	0	0	0	0	0	0	0	0	0	0	0	0	0	0	0	6,025,000	0	0	1	5.0	214.1	3.7	33.0	33.0	11.0	13.0	0.0	2.3	10.0	3.28	6.89	0.263	0.313	0.41700000000000004	0.73	891.2	3.92	147.0	142.0	53.0	42.0	16.0	8.1	46.0	2.7	6.17	0.27	0.319	0.433	0.752	0
332780	Latos, Mat	2014	0	0	0	0	0	0	0	0	0	0	0	0	0	0	0	1	0	0	0	0	0	0	0	0	0	0	0	0	0	0	0	7,250,000	0	0	1	5.079	102.1	3.25	16.0	16.0	5.0	5.0	76.0	1.8	5.0	2.85	6.51	0.24	0.29100000000000004	0.36	0.652	952.0	3.34	153.0	153.0	60.0	45.0	102.0	18.1	56.0	3.04	8.12	0.233	0.292	0.363	0.655	1
332960	Norris, Bud	2014	0	0	0	1	0	0	0	0	0	0	0	0	0	0	0	0	0	0	0	0	0	0	0	0	0	0	0	0	0	0	0	5,300,000	0	0	1	5.0680000000000005	165.1	3.65	28.0	28.0	15.0	8.0	16.0	1.5	11.0	2.67	7.57	0.242	0.313	0.396	0.71	905.2	4.23	158.0	155.0	53.0	57.0	66.0	10.0	36.0	2.35	8.34	0.258	0.33299999999999996	0.41700000000000004	0.75	1
335115	Strasburg, Stephen	2014	0	0	0	0	0	0	0	0	0	0	0	0	0	0	0	0	0	0	0	0	0	0	0	0	0	0	0	0	0	0	1	4,100,000	0	1	0	4.118	215.0	3.14	34.0	34.0	14.0	11.0	0.0	4.4	13.0	5.63	10.13	0.245	0.28600000000000003	0.385	0.672	649.1	3.02	109.0	109.0	43.0	30.0	236.0	15.3	45.0	4.49	10.34	0.226	0.281	0.345	0.626	0
315431	Lynn, Lance	2014	0	0	0	0	0	0	0	0	0	0	0	0	0	0	0	0	0	0	0	0	0	0	0	0	0	0	1	0	0	0	0	535,000	1	0	0	3.1189999999999998	203.2	2.74	33.0	33.0	15.0	10.0	0.0	3.4	16.0	2.51	8.0	0.23800000000000002	0.355	0.307	0.662	616.0	3.46	119.0	97.0	49.0	28.0	50.0	10.5	36.0	2.69	8.75	0.245	0.373	0.317	0.69	0
315369	Wood, Travis	2014	0	0	0	0	0	1	0	0	0	0	0	0	0	0	0	0	0	0	0	0	0	0	0	0	0	0	0	0	0	0	0	3,900,000	0	1	0	4.004	173.2	5.03	31.0	31.0	8.0	13.0	0.0	1.1	3.0	1.92	7.57	0.27699999999999997	0.353	0.429	0.782	738.1	4.11	128.0	124.0	34.0	48.0	0.0	7.7	32.0	2.18	6.96	0.248	0.317	0.402	0.72	0
332621	Minor, Mike	2014	0	0	1	0	0	0	0	0	0	0	0	0	0	0	0	0	0	0	0	0	0	0	0	0	0	0	0	0	0	0	0	3,850,000	0	1	0	3.138	145.1	4.77	25.0	25.0	6.0	12.0	33.0	0.3	3.0	2.73	7.43	0.285	0.341	0.45799999999999996	0.7979999999999999	652.2	4.1	111.0	110.0	38.0	36.0	33.0	6.9	26.0	3.03	7.8	0.257	0.31	0.423	0.7340000000000001	1
172183	Simon, Alfredo	2014	0	0	0	0	0	0	0	0	0	0	1	0	0	0	0	0	0	0	0	0	0	0	0	0	0	0	0	0	0	0	0	1,500,000	0	0	1	5.142	196.1	3.44	32.0	32.0	15.0	10.0	0.0	1.3	11.0	2.27	5.82	0.245	0.307	0.38299999999999995	0.69	529.1	3.86	209.0	51.0	32.0	28.0	210.0	1.8	31.0	2.19	6.34	0.258	0.324	0.42200000000000004	0.746	0
304326	Chacin, Jhoulys	2014	0	0	0	0	0	0	0	0	1	0	0	0	0	0	0	0	0	0	0	0	0	0	0	0	0	0	0	0	0	0	0	4,850,000	0	0	1	5.012	63.1	5.4	11.0	11.0	1.0	7.0	127.0	0.2	2.0	1.5	5.97	0.265	0.341	0.45	0.79	672.0	3.78	124.0	109.0	38.0	48.0	253.0	9.1	43.0	1.84	6.88	0.245	0.32299999999999995	0.386	0.7090000000000001	0
342865	Gee, Dillon	2014	0	0	0	0	0	0	0	0	0	0	0	0	0	0	0	0	0	0	1	0	0	0	0	0	0	0	0	0	0	0	0	3,625,000	0	1	0	4.0280000000000005	137.1	4.0	22.0	22.0	7.0	8.0	59.0	0.5	5.0	2.19	6.16	0.25	0.313	0.402	0.715	639.2	3.91	106.0	103.0	40.0	34.0	147.0	4.5	27.0	2.26	6.53	0.254	0.319	0.402	0.721	0
315165	Ross, Tyson	2014	0	0	0	0	0	0	0	0	0	0	0	0	0	0	0	0	0	0	0	0	0	0	0	1	0	0	0	0	0	0	0	1,980,000	0	1	0	3.1260000000000003	195.2	2.81	31.0	31.0	13.0	14.0	0.0	3.2	13.0	2.71	8.97	0.23	0.307	0.327	0.634	469.1	3.7	119.0	68.0	22.0	40.0	82.0	6.2	21.0	2.24	7.98	0.25	0.32799999999999996	0.354	0.6809999999999999	0
332157	Tillman, Chris	2014	0	0	0	1	0	0	0	0	0	0	0	0	0	0	0	0	0	0	0	0	0	0	0	0	0	0	0	0	0	0	0	546,000	1	0	0	3.113	207.1	3.34	34.0	34.0	13.0	6.0	0.0	2.4	13.0	2.27	6.51	0.23800000000000002	0.298	0.373	0.6709999999999999	680.1	4.0	118.0	118.0	45.0	31.0	6.0	6.2	39.0	2.15	6.76	0.248	0.313	0.419	0.733	0
315173	Hellickson, Jeremy	2014	0	1	0	0	0	0	0	0	0	0	0	0	0	0	0	0	0	0	0	0	0	0	0	0	0	0	0	0	0	0	0	3,625,000	0	1	0	4.045	63.2	4.52	13.0	13.0	1.0	5.0	99.0	0.4	1.0	2.57	7.63	0.276	0.335	0.424	0.759	640.0	3.78	115.0	108.0	40.0	36.0	114.0	5.3	34.0	2.2	6.51	0.245	0.308	0.408	0.716	0
329049	Cashner, Andrew	2014	0	0	0	0	0	0	0	0	0	0	0	0	0	0	0	0	0	0	0	0	0	0	0	1	0	0	0	0	0	0	0	2,400,000	0	1	0	4.126	123.1	2.55	19.0	19.0	5.0	7.0	86.0	2.3	9.0	3.21	6.79	0.235	0.27899999999999997	0.344	0.623	409.2	3.25	143.0	51.0	20.0	26.0	297.0	4.9	24.0	2.57	7.27	0.23600000000000002	0.298	0.35700000000000004	0.655	0
340102	Alvarez, Henderson	2014	0	0	0	0	0	0	0	0	0	0	0	0	0	0	0	1	0	0	0	0	0	0	0	0	0	0	0	0	0	0	0	525,400	1	0	0	3.051	187.0	2.65	30.0	30.0	12.0	7.0	15.0	2.1	14.0	3.36	5.34	0.275	0.312	0.385	0.6970000000000001	540.2	3.7	88.0	88.0	27.0	30.0	110.0	5.1	30.0	2.35	4.78	0.272	0.317	0.41200000000000003	0.7290000000000001	0
334902	Cobb, Alex	2014	0	0	0	0	0	0	0	0	0	0	0	0	0	0	0	0	0	0	0	0	0	0	0	0	0	0	0	1	0	0	0	516,900	1	0	0	3.0610000000000004	166.1	2.87	27.0	27.0	10.0	9.0	39.0	2.8	13.0	3.17	8.06	0.231	0.294	0.325	0.619	498.2	3.21	81.0	81.0	35.0	23.0	152.0	8.3	35.0	2.78	7.69	0.23800000000000002	0.302	0.348	0.65	0
302625	Arrieta, Jake	2014	0	0	0	0	0	1	0	0	0	0	0	0	0	0	0	0	0	0	0	0	0	0	0	0	0	0	0	0	0	0	0	544,500	1	0	0	3.145	156.2	2.53	25.0	25.0	10.0	5.0	34.0	5.0	12.0	4.07	9.59	0.203	0.259	0.276	0.535	566.1	4.48	103.0	97.0	34.0	32.0	93.0	7.6	25.0	2.15	7.64	0.242	0.319	0.386	0.7040000000000001	0
328904	Miley, Wade	2014	0	0	0	0	1	0	0	0	0	0	0	0	0	0	0	0	0	0	0	0	0	0	0	0	0	0	0	0	0	0	0	523,500	1	0	0	3.0439999999999996	201.1	4.34	33.0	33.0	8.0	12.0	0.0	1.5	7.0	2.44	8.18	0.26899999999999996	0.413	0.33299999999999996	0.746	638.2	3.79	106.0	102.0	38.0	35.0	0.0	7.4	33.0	2.55	7.03	0.264	0.41	0.32	0.73	1
344159	Eovaldi, Nate	2014	0	0	0	0	0	0	0	0	0	0	0	0	0	0	0	0	0	0	0	1	0	0	0	0	0	0	0	0	0	0	0	517,000	1	0	0	3.013	199.2	4.37	33.0	33.0	6.0	14.0	0.0	2.9	4.0	3.3	6.4	0.282	0.32299999999999995	0.409	0.732	460.0	4.07	83.0	79.0	15.0	35.0	79.0	5.5	14.0	2.14	6.28	0.271	0.33	0.396	0.726	0
303449	Nova, Ivan	2014	0	0	0	0	0	0	0	0	0	0	0	0	0	0	0	0	0	0	0	1	0	0	0	0	0	0	0	0	0	0	0	3,300,000	0	1	0	4.024	20.2	8.27	4.0	4.0	2.0	2.0	162.0	-0.4	0.0	2.0	5.23	0.37200000000000005	0.41700000000000004	0.616	1.033	537.2	4.2	93.0	86.0	40.0	22.0	206.0	6.2	31.0	2.25	6.78	0.273	0.33799999999999997	0.426	0.764	0
157336	Gonzalez, Miguel	2014	0	0	0	1	0	0	0	0	0	0	0	0	0	0	0	0	0	0	0	0	0	0	0	0	0	0	0	0	0	0	0	529,000	1	0	0	3.095	159.0	3.23	27.0	26.0	10.0	9.0	17.0	0.5	10.0	2.18	6.28	0.255	0.319	0.43200000000000005	0.7509999999999999	435.2	3.45	75.0	69.0	30.0	21.0	217.0	3.3	30.0	2.22	6.36	0.245	0.308	0.414	0.722	0
351636	Richards, Garrett	2014	0	0	0	0	0	0	0	0	0	0	0	0	0	0	1	0	0	0	0	0	0	0	0	0	0	0	0	0	0	0	0	520,000	1	0	0	2.148	168.2	2.61	26.0	26.0	13.0	4.0	39.0	4.3	13.0	3.22	8.75	0.201	0.268	0.261	0.529	398.2	3.66	110.0	55.0	24.0	17.0	59.0	5.6	20.0	2.36	7.25	0.244	0.309	0.349	0.6579999999999999	1
348223	Milone, Tommy	2014	0	0	0	0	0	0	0	0	0	0	0	0	0	0	0	0	0	1	0	0	0	0	0	0	0	0	0	0	0	0	0	510,000	1	0	0	2.165	118.0	4.19	22.0	21.0	6.0	4.0	0.0	0.3	5.0	2.03	5.72	0.27	0.32799999999999996	0.435	0.763	490.1	3.98	86.0	83.0	32.0	23.0	0.0	4.9	23.0	3.04	6.48	0.27	0.313	0.431	0.7440000000000001	0
359918	Smyly, Drew	2014	0	0	0	0	0	0	0	0	0	0	0	0	0	0	0	0	0	0	0	0	0	0	0	0	0	0	0	1	0	0	0	520,000	1	0	0	2.154	153.0	3.24	28.0	25.0	9.0	10.0	0.0	2.2	10.0	3.17	7.82	0.23800000000000002	0.29	0.39799999999999996	0.688	328.1	3.26	114.0	43.0	19.0	13.0	37.0	5.7	26.0	3.35	8.44	0.237	0.29	0.391	0.6809999999999999	0
345647	Lyles, Jordan	2014	0	0	0	0	0	0	0	0	1	0	0	0	0	0	0	0	0	0	0	0	0	0	0	0	0	0	0	0	0	0	0	502,000	1	0	0	3.06	126.2	4.33	22.0	22.0	7.0	4.0	62.0	1.2	6.0	1.96	6.39	0.262	0.33399999999999996	0.41600000000000004	0.75	503.2	5.09	94.0	87.0	21.0	33.0	62.0	3.0	9.0	2.14	6.24	0.278	0.33899999999999997	0.445	0.784	0
315404	Worley, Vance	2014	0	0	0	0	0	0	0	0	0	0	0	0	0	0	0	0	0	0	0	0	0	0	1	0	0	0	0	0	0	0	0	527,500	1	0	0	2.1390000000000002	110.2	2.85	18.0	17.0	8.0	4.0	0.0	1.6	7.0	3.59	6.42	0.265	0.303	0.376	0.679	437.0	3.75	81.0	73.0	27.0	22.0	59.0	5.9	25.0	2.55	7.04	0.27899999999999997	0.335	0.419	0.753	1
340890	Duffy, Danny	2014	0	0	0	0	0	0	0	0	0	0	0	0	1	0	0	0	0	0	0	0	0	0	0	0	0	0	0	0	0	0	0	526,000	1	0	0	3.085	149.1	2.53	31.0	25.0	9.0	12.0	0.0	1.9	12.0	2.13	6.81	0.209	0.284	0.322	0.605	306.2	3.67	62.0	56.0	17.0	22.0	251.0	3.4	18.0	1.84	7.34	0.24100000000000002	0.326	0.38799999999999996	0.7140000000000001	1
335640	Santiago, Hector	2014	0	0	0	0	0	0	0	0	0	0	0	0	0	0	1	0	0	0	0	0	0	0	0	0	0	0	0	0	0	0	0	530,000	1	0	0	3.016	127.1	3.75	30.0	24.0	6.0	9.0	0.0	0.7	5.0	2.04	7.63	0.248	0.324	0.374	0.698	352.0	3.53	108.0	51.0	14.0	19.0	0.0	2.1	21.0	1.96	8.34	0.23600000000000002	0.331	0.374	0.706	0
238701	Carrasco, Carlos	2014	0	0	0	0	0	0	0	1	0	0	0	0	0	0	0	0	0	0	0	0	0	0	0	0	0	0	0	0	0	0	0	504,700	1	0	0	3.147	134.0	2.55	40.0	14.0	8.0	7.0	0.0	3.2	12.0	4.83	9.4	0.209	0.256	0.287	0.5429999999999999	372.1	4.3	88.0	54.0	19.0	26.0	255.0	4.5	20.0	2.71	7.35	0.267	0.321	0.41	0.73	0
226837	Chavez, Jesse	2014	0	0	0	0	0	0	0	0	0	0	0	0	0	0	0	0	0	0	0	0	1	0	0	0	0	0	0	0	0	0	0	775,000	0	1	0	4.1080000000000005	146.0	3.45	32.0	21.0	8.0	8.0	0.0	1.3	7.0	2.78	8.38	0.253	0.316	0.375	0.6920000000000001	380.2	4.7	223.0	23.0	17.0	23.0	0.0	0.7	14.0	2.42	7.97	0.266	0.331	0.429	0.76	0
334145	Pineda, Michael	2014	0	0	0	0	0	0	0	0	0	0	0	0	0	0	0	0	0	0	0	1	0	0	0	0	0	0	0	0	0	0	0	538,475	1	0	0	3.0989999999999998	76.1	1.89	13.0	13.0	5.0	5.0	99.0	2.2	8.0	8.43	6.96	0.2	0.21899999999999997	0.307	0.526	247.1	3.17	41.0	41.0	14.0	15.0	380.0	5.4	18.0	3.74	8.44	0.20800000000000002	0.261	0.331	0.5920000000000001	0
207146	Petit, Yusmeiro	2014	0	0	0	0	0	0	0	0	0	0	0	0	0	0	0	0	0	0	0	0	0	0	0	0	0	1	0	0	0	0	0	845,000	0	1	0	4.016	117.0	3.69	39.0	12.0	5.0	5.0	0.0	1.6	4.0	6.05	10.23	0.223	0.26	0.375	0.635	399.0	4.76	119.0	56.0	19.0	26.0	56.0	2.9	13.0	3.19	8.05	0.258	0.307	0.457	0.764	0
305270	Noesi, Hector	2014	0	0	0	0	0	0	0	0	0	1	0	0	0	0	0	0	0	0	0	0	0	0	0	0	0	0	0	0	0	0	0	512,400	1	0	0	3.0060000000000002	172.1	4.75	33.0	27.0	8.0	12.0	0.0	0.3	6.0	2.2	6.42	0.271	0.326	0.447	0.774	362.2	5.16	97.0	48.0	12.0	27.0	0.0	0.0	8.0	1.99	6.38	0.27899999999999997	0.33899999999999997	0.465	0.804	0
303426	Doubront, Felix	2014	0	0	0	0	0	1	0	0	0	0	0	0	0	0	0	0	0	0	0	0	0	0	0	0	0	0	0	0	0	0	0	586,000	1	0	0	3.12	79.2	5.54	21.0	14.0	4.0	5.0	60.0	-0.3	1.0	1.55	5.76	0.281	0.349	0.47200000000000003	0.821	438.1	4.78	102.0	73.0	28.0	23.0	83.0	3.3	16.0	2.0	7.93	0.266	0.342	0.43	0.772	0
315540	Tomlin, Josh	2014	0	0	0	0	0	0	0	1	0	0	0	0	0	0	0	0	0	0	0	0	0	0	0	0	0	0	0	0	0	0	0	800,000	0	1	0	4.033	104.0	4.76	25.0	16.0	6.0	9.0	0.0	1.0	2.0	6.71	8.13	0.281	0.303	0.478	0.7809999999999999	447.2	4.89	85.0	70.0	29.0	28.0	254.0	3.3	15.0	3.57	5.67	0.271	0.304	0.469	0.773	0
315455	Phelps, David	2014	0	0	0	0	0	0	0	0	0	0	0	0	0	0	0	1	0	0	0	0	0	0	0	0	0	0	0	0	0	0	0	541,425	1	0	0	2.156	113.0	4.38	32.0	17.0	5.0	5.0	39.0	0.6	4.0	2.0	7.33	0.263	0.341	0.41200000000000003	0.753	299.1	4.21	87.0	40.0	15.0	14.0	110.0	2.4	14.0	2.24	8.03	0.251	0.33	0.39899999999999997	0.7290000000000001	1
332768	Chatwood, Tyler	2014	0	0	0	0	0	0	0	0	1	0	0	0	0	0	0	0	0	0	0	0	0	0	0	0	0	0	0	0	0	0	0	502,000	1	0	0	3.0389999999999997	24.0	4.5	4.0	4.0	1.0	0.0	166.0	0.0	1.0	2.5	7.5	0.23600000000000002	0.40399999999999997	0.307	0.711	342.0	4.34	70.0	61.0	20.0	22.0	196.0	1.9	18.0	1.31	5.29	0.28800000000000003	0.42	0.365	0.785	0
785	Parker, Jarrod	2014	0	0	0	0	0	0	0	0	0	0	0	0	0	0	0	0	0	0	0	0	1	0	0	0	0	0	0	0	0	0	0	500,000	1	0	0	3.0	0.0	0.0	0.0	0.0	0.0	0.0	183.0	0.0	0.0	0.0	0.0	0.0	0.0	0.0	0.0	384.0	3.68	62.0	62.0	25.0	16.0	183.0	5.0	22.0	2.17	6.45	0.244	0.308	0.373	0.6809999999999999	1
345986	Wieland, Joe	2014	0	0	0	0	0	0	0	0	0	0	0	0	0	0	0	0	0	0	0	0	0	0	0	1	0	0	0	0	0	0	0	501,600	1	0	0	2.161	11.1	7.15	4.0	2.0	1.0	0.0	133.0	-0.3	0.0	1.6	6.35	0.33299999999999996	0.389	0.604	0.993	39.0	5.31	9.0	7.0	1.0	4.0	466.0	-0.3	0.0	2.29	7.38	0.273	0.331	0.519	0.851	0
315452	Kershaw, Clayton	2013	0	0	0	0	0	0	0	0	0	0	0	0	0	1	0	0	0	0	0	0	0	0	0	0	0	0	0	0	0	0	0	12,050,000	0	1	0	5.105	236.0	1.83	33.0	33.0	16.0	9.0	0.0	7.1	22.0	4.46	8.85	0.195	0.27699999999999997	0.244	0.521	1180.0	2.6	184.0	182.0	77.0	46.0	0.0	30.7	96.0	3.07	9.2	0.21100000000000002	0.311	0.28	0.591	0
312212	Scherzer, Max	2013	0	0	0	0	0	0	0	0	0	0	1	0	0	0	0	0	0	0	0	0	0	0	0	0	0	0	0	0	0	0	0	6,725,000	0	0	1	5.079	214.1	2.9	32.0	32.0	21.0	3.0	0.0	6.1	20.0	4.29	10.08	0.198	0.254	0.32899999999999996	0.583	1019.0	3.67	174.0	165.0	73.0	45.0	9.0	20.4	70.0	3.28	9.44	0.243	0.306	0.396	0.703	1
301763	Price, David	2013	0	0	0	0	0	0	0	0	0	0	0	0	0	0	0	0	0	0	0	0	0	0	0	0	0	0	0	1	0	0	0	9,831,954	0	0	1	4.164	186.2	3.33	27.0	27.0	10.0	8.0	47.0	4.4	12.0	5.59	7.28	0.252	0.281	0.379	0.6609999999999999	973.0	3.19	152.0	147.0	71.0	39.0	47.0	19.5	68.0	3.06	8.1	0.23199999999999998	0.292	0.35700000000000004	0.648	0
315491	Masterson, Justin	2013	0	0	0	0	0	0	0	1	0	0	0	0	0	0	0	0	0	0	0	0	0	0	0	0	0	0	0	0	0	0	0	5,737,500	0	0	1	5.1080000000000005	193.0	3.45	32.0	29.0	14.0	10.0	0.0	3.5	14.0	2.57	9.09	0.222	0.312	0.312	0.624	1013.0	4.03	212.0	150.0	53.0	63.0	0.0	14.0	52.0	2.09	7.45	0.254	0.33399999999999996	0.363	0.696	1
301513	Bailey, Homer	2013	0	0	0	0	0	0	1	0	0	0	0	0	0	0	0	0	0	0	0	0	0	0	0	0	0	0	0	0	0	0	0	5,350,000	0	0	1	5.0169999999999995	209.0	3.49	32.0	32.0	11.0	12.0	0.0	4.1	11.0	3.69	8.57	0.23399999999999999	0.369	0.29100000000000004	0.66	853.0	4.25	143.0	143.0	49.0	45.0	148.0	11.7	40.0	2.55	7.44	0.26	0.408	0.321	0.7290000000000001	1
330798	Porcello, Rick	2013	0	0	0	0	0	0	0	0	0	0	1	0	0	0	0	0	0	0	0	0	0	0	0	0	0	0	0	0	0	0	0	5,100,000	0	0	1	4.17	177.0	4.32	32.0	29.0	13.0	8.0	0.0	2.9	9.0	3.38	7.22	0.27	0.314	0.395	0.7090000000000001	868.2	4.51	152.0	149.0	61.0	50.0	0.0	10.9	42.0	2.37	5.45	0.28600000000000003	0.33299999999999996	0.424	0.757	0
234655	Kendrick, Kyle	2013	0	0	0	0	0	0	0	0	0	0	0	0	0	0	0	0	0	0	0	0	0	1	0	0	0	0	0	0	0	0	0	5,000,000	0	0	1	5.159	182.0	4.7	30.0	30.0	10.0	13.0	16.0	2.0	5.0	2.34	5.44	0.285	0.331	0.42	0.7509999999999999	939.2	4.38	194.0	153.0	64.0	55.0	16.0	5.3	39.0	1.88	4.8	0.278	0.332	0.442	0.774	0
335139	Zimmermann, Jordan	2013	0	0	0	0	0	0	0	0	0	0	0	0	0	0	0	0	0	0	0	0	0	0	0	0	0	0	0	0	0	0	1	5,350,000	0	0	1	4.154	213.1	3.25	32.0	32.0	19.0	9.0	0.0	3.7	15.0	4.03	6.79	0.239	0.375	0.27899999999999997	0.654	692.2	3.4	113.0	113.0	43.0	35.0	196.0	12.0	45.0	3.64	7.24	0.25	0.392	0.297	0.6890000000000001	0
326907	Fister, Doug	2013	0	0	0	0	0	0	0	0	0	0	0	0	0	0	0	0	0	0	0	0	0	0	0	0	0	0	0	0	0	0	1	4,075,000	0	1	0	4.058	208.2	3.67	33.0	32.0	14.0	9.0	0.0	4.2	14.0	3.61	6.86	0.281	0.32899999999999996	0.381	0.71	818.2	3.53	130.0	127.0	44.0	50.0	71.0	15.7	54.0	3.46	6.28	0.261	0.305	0.37799999999999995	0.684	1
312090	Kennedy, Ian	2013	0	0	0	0	0	0	0	0	0	0	0	0	0	0	0	0	0	0	0	0	0	0	0	1	0	0	0	0	0	0	0	4,265,000	0	1	0	4.124	181.1	4.91	31.0	31.0	7.0	10.0	0.0	0.6	2.0	2.23	8.09	0.259	0.337	0.444	0.7809999999999999	865.1	4.0	143.0	141.0	53.0	39.0	27.0	10.1	46.0	2.62	7.89	0.247	0.315	0.414	0.7290000000000001	0
335094	Leake, Mike	2013	0	0	0	0	0	0	1	0	0	0	0	0	0	0	0	0	0	0	0	0	0	0	0	0	0	0	0	0	0	0	0	3,085,000	0	1	0	4.0	192.1	3.37	31.0	31.0	14.0	7.0	0.0	2.0	12.0	2.54	5.71	0.263	0.311	0.40700000000000003	0.7190000000000001	677.1	3.99	114.0	109.0	42.0	29.0	16.0	5.8	36.0	2.54	5.94	0.272	0.321	0.43799999999999994	0.758	1
326843	Medlen, Kris	2013	0	0	1	0	0	0	0	0	0	0	0	0	0	0	0	0	0	0	0	0	0	0	0	0	0	0	0	0	0	0	0	2,600,000	0	1	0	4.137	197.0	3.11	32.0	31.0	15.0	12.0	0.0	2.6	13.0	3.34	7.17	0.258	0.307	0.39799999999999996	0.706	512.2	2.95	152.0	61.0	34.0	20.0	237.0	8.6	41.0	3.59	7.62	0.24600000000000002	0.294	0.37200000000000005	0.6659999999999999	1
335090	Samardzija, Jeff	2013	0	0	0	0	0	1	0	0	0	0	0	0	0	0	0	0	0	0	0	0	0	0	0	0	0	0	0	0	0	0	0	2,765,000	0	1	0	4.0280000000000005	213.2	4.34	33.0	33.0	8.0	13.0	0.0	2.7	7.0	2.74	9.01	0.255	0.325	0.41100000000000003	0.736	558.0	4.19	189.0	66.0	29.0	35.0	0.0	5.6	25.0	2.29	8.65	0.24600000000000002	0.326	0.397	0.723	1
332960	Norris, Bud	2013	0	0	0	1	0	0	0	0	0	0	0	0	0	0	0	0	0	0	0	0	0	0	0	0	0	0	0	0	0	0	0	3,000,000	0	1	0	4.0680000000000005	176.2	4.18	32.0	30.0	10.0	12.0	0.0	2.7	8.0	2.19	7.49	0.28300000000000003	0.349	0.429	0.779	740.1	4.36	130.0	127.0	38.0	49.0	50.0	8.5	25.0	2.3	8.51	0.262	0.337	0.42100000000000004	0.758	0
335115	Strasburg, Stephen	2013	0	0	0	0	0	0	0	0	0	0	0	0	0	0	0	0	0	0	0	0	0	0	0	0	0	0	0	0	0	0	1	3,900,000	1	0	0	3.1180000000000003	183.0	3.0	30.0	30.0	8.0	9.0	15.0	3.3	11.0	3.41	9.39	0.207	0.281	0.307	0.588	434.1	2.96	75.0	75.0	29.0	19.0	236.0	10.9	32.0	4.1	10.44	0.21600000000000003	0.278	0.324	0.603	0
217309	Morton, Charlie	2013	0	0	0	0	0	0	0	0	0	0	0	0	0	0	0	0	0	0	0	0	0	0	1	0	0	0	0	0	0	0	0	2,000,000	0	0	1	5.01	116.0	3.26	20.0	20.0	7.0	4.0	74.0	1.5	6.0	2.36	6.59	0.261	0.344	0.33899999999999997	0.6829999999999999	589.1	4.7	109.0	108.0	30.0	49.0	252.0	4.8	18.0	1.68	5.94	0.285	0.413	0.359	0.772	0
315369	Wood, Travis	2013	0	0	0	0	0	1	0	0	0	0	0	0	0	0	0	0	0	0	0	0	0	0	0	0	0	0	0	0	0	0	0	527,500	1	0	0	3.0039999999999996	200.0	3.11	32.0	32.0	9.0	12.0	0.0	2.7	15.0	2.18	6.48	0.222	0.292	0.35100000000000003	0.643	564.2	3.83	97.0	93.0	26.0	35.0	0.0	6.6	29.0	2.28	6.77	0.23800000000000002	0.305	0.39399999999999996	0.6990000000000001	1
332621	Minor, Mike	2013	0	0	1	0	0	0	0	0	0	0	0	0	0	0	0	0	0	0	0	0	0	0	0	0	0	0	0	0	0	0	0	505,000	1	0	0	2.138	204.2	3.21	32.0	32.0	13.0	9.0	0.0	3.5	13.0	3.93	7.96	0.23199999999999998	0.275	0.382	0.657	507.1	3.9	86.0	85.0	32.0	24.0	0.0	6.6	23.0	3.12	7.91	0.248	0.301	0.413	0.7140000000000001	1
342865	Gee, Dillon	2013	0	0	0	0	0	0	0	0	0	0	0	0	0	0	0	0	0	0	1	0	0	0	0	0	0	0	0	0	0	0	0	527,375	1	0	0	3.028	199.0	3.62	32.0	32.0	12.0	11.0	0.0	1.9	10.0	3.02	6.42	0.268	0.315	0.423	0.738	502.1	3.89	84.0	81.0	33.0	26.0	88.0	4.0	22.0	2.28	6.63	0.256	0.321	0.402	0.723	1
315173	Hellickson, Jeremy	2013	0	0	0	0	0	0	0	0	0	0	0	0	0	0	0	0	0	0	0	0	0	0	0	0	0	0	0	1	0	0	0	503,000	1	0	0	3.045	174.0	5.17	32.0	31.0	12.0	10.0	0.0	1.5	4.0	2.7	6.98	0.27399999999999997	0.325	0.45	0.775	576.1	3.7	102.0	95.0	39.0	31.0	15.0	4.9	33.0	2.16	6.39	0.242	0.305	0.406	0.711	0
328268	Estrada, Marco	2013	0	0	0	0	0	0	0	0	0	0	0	0	0	0	0	0	1	0	0	0	0	0	0	0	0	0	0	0	0	0	0	1,955,000	0	1	0	4.035	128.0	3.87	21.0	21.0	7.0	4.0	64.0	1.9	7.0	4.07	8.3	0.22899999999999998	0.275	0.395	0.67	390.1	4.17	115.0	53.0	16.0	20.0	222.0	5.6	19.0	3.74	8.78	0.243	0.294	0.41600000000000004	0.7090000000000001	0
303449	Nova, Ivan	2013	0	0	0	0	0	0	0	0	0	0	0	0	0	0	0	0	0	0	0	1	0	0	0	0	0	0	0	0	0	0	0	575,600	1	0	0	3.0239999999999996	139.1	3.1	23.0	20.0	9.0	6.0	27.0	2.4	13.0	2.64	7.49	0.258	0.33	0.348	0.6779999999999999	517.0	4.04	89.0	82.0	38.0	20.0	44.0	6.6	31.0	2.26	6.84	0.26899999999999996	0.335	0.418	0.753	0
313626	Detwiler, Ross	2013	0	0	0	0	0	0	0	0	0	0	0	0	0	0	0	0	0	0	0	0	0	0	0	0	0	0	0	0	0	0	1	2,337,500	0	1	0	4.002	71.1	4.04	13.0	13.0	2.0	7.0	116.0	0.9	2.0	2.79	4.92	0.315	0.35600000000000004	0.455	0.8109999999999999	408.0	3.79	85.0	69.0	18.0	29.0	226.0	4.0	17.0	1.85	5.43	0.26899999999999996	0.331	0.40299999999999997	0.7340000000000001	0
209681	Ogando, Alexi	2013	0	0	0	0	0	0	0	0	0	0	0	0	0	0	0	0	0	0	0	0	0	0	0	0	0	0	0	0	1	0	0	506,600	1	0	0	3.114	104.1	3.11	23.0	18.0	7.0	4.0	87.0	0.9	8.0	1.76	6.21	0.231	0.312	0.366	0.6779999999999999	381.0	3.12	156.0	48.0	26.0	13.0	123.0	5.8	34.0	2.59	7.16	0.225	0.29	0.35200000000000004	0.6409999999999999	0
329049	Cashner, Andrew	2013	0	0	0	0	0	0	0	0	0	0	0	0	0	0	0	0	0	0	0	0	0	0	0	1	0	0	0	0	0	0	0	500,800	1	0	0	3.1260000000000003	175.0	3.09	31.0	26.0	10.0	9.0	0.0	2.7	10.0	2.72	6.58	0.233	0.28800000000000003	0.35100000000000003	0.639	286.1	3.55	124.0	32.0	15.0	19.0	211.0	2.6	15.0	2.38	7.48	0.237	0.306	0.36200000000000004	0.669	1
338548	Nicasio, Juan	2013	0	0	0	0	0	0	0	0	1	0	0	0	0	0	0	0	0	0	0	0	0	0	0	0	0	0	0	0	0	0	0	491,000	1	0	0	2.124	157.2	5.14	31.0	31.0	9.0	9.0	0.0	1.8	4.0	1.86	6.79	0.268	0.34	0.445	0.785	287.1	4.92	55.0	55.0	15.0	16.0	177.0	3.9	10.0	2.22	7.24	0.276	0.33899999999999997	0.449	0.7879999999999999	0
351523	Beachy, Brandon	2013	0	0	1	0	0	0	0	0	0	0	0	0	0	0	0	0	0	0	0	0	0	0	0	0	0	0	0	0	0	0	0	510,000	1	0	0	3.014	30.0	4.5	5.0	5.0	2.0	1.0	160.0	0.2	1.0	5.75	6.9	0.239	0.263	0.442	0.705	267.2	3.23	46.0	46.0	14.0	11.0	308.0	4.8	17.0	3.2	9.25	0.22	0.284	0.348	0.632	0
301756	Ohlendorf, Ross	2013	0	0	0	0	0	0	0	0	0	0	0	0	0	0	0	0	0	0	0	0	0	0	0	0	0	0	0	0	0	0	1	950,000	0	1	0	4.17	60.1	3.28	16.0	7.0	4.0	1.0	20.0	0.3	4.0	3.21	6.71	0.245	0.29100000000000004	0.415	0.706	501.2	4.88	124.0	80.0	22.0	33.0	214.0	1.4	20.0	1.95	6.4	0.278	0.344	0.46799999999999997	0.812	0
207146	Petit, Yusmeiro	2013	0	0	0	0	0	0	0	0	0	0	0	0	0	0	0	0	0	0	0	0	0	0	0	0	0	1	0	0	0	0	0	493,500	1	0	0	3.016	48.0	3.56	8.0	7.0	4.0	1.0	0.0	0.9	2.0	4.27	8.81	0.251	0.294	0.366	0.66	282.0	5.2	80.0	44.0	14.0	21.0	56.0	1.3	9.0	2.49	7.15	0.272	0.325	0.489	0.8140000000000001	0
315540	Tomlin, Josh	2013	0	0	0	0	0	0	0	1	0	0	0	0	0	0	0	0	0	0	0	0	0	0	0	0	0	0	0	0	0	0	0	501,800	1	0	0	3.069	2.0	0.0	1.0	0.0	0.0	0.0	147.0	0.0	0.0	0.0	0.0	0.25	0.25	0.25	0.5	343.2	4.92	60.0	54.0	23.0	19.0	254.0	2.3	13.0	2.89	4.92	0.268	0.304	0.466	0.77	1
301763	Price, David	2012	0	0	0	0	0	0	0	0	0	0	0	0	0	0	0	0	0	0	0	0	0	0	0	0	0	0	0	1	0	0	0	4,365,000	0	1	0	3.1639999999999997	211.0	2.56	31.0	31.0	20.0	5.0	0.0	5.0	19.0	3.47	8.74	0.226	0.284	0.318	0.602	786.1	3.16	125.0	120.0	61.0	31.0	0.0	15.1	56.0	2.8	8.3	0.22699999999999998	0.294	0.35100000000000003	0.645	0
301589	Vargas, Jason	2012	0	0	0	0	0	0	0	0	0	0	0	0	0	0	1	0	0	0	0	0	0	0	0	0	0	0	0	0	0	0	0	4,850,000	0	0	1	5.114	217.1	3.85	33.0	33.0	14.0	11.0	0.0	1.1	11.0	2.56	5.84	0.245	0.293	0.42100000000000004	0.7140000000000001	829.2	4.35	150.0	130.0	42.0	50.0	193.0	7.7	37.0	2.08	5.75	0.259	0.315	0.42200000000000004	0.737	1
301636	Hughes, Phil	2012	0	0	0	0	0	0	0	0	0	0	0	0	0	0	0	0	0	0	0	1	0	0	0	0	0	0	0	0	0	0	0	3,400,000	0	0	1	5.113	191.1	4.19	32.0	32.0	16.0	13.0	0.0	2.4	9.0	3.59	7.76	0.259	0.305	0.46	0.765	635.0	4.38	152.0	103.0	52.0	36.0	267.0	9.5	35.0	2.64	7.58	0.253	0.312	0.42	0.733	0
214902	Hammel, Jason	2012	0	0	0	1	0	0	0	0	0	0	0	0	0	0	0	0	0	0	0	0	0	0	0	0	0	0	0	0	0	0	0	4,750,000	0	0	1	5.153	118.0	3.43	20.0	20.0	8.0	6.0	54.0	2.6	10.0	2.69	8.62	0.23399999999999999	0.302	0.335	0.637	850.0	4.78	189.0	135.0	42.0	51.0	72.0	10.5	38.0	2.11	6.58	0.27899999999999997	0.34	0.433	0.773	1
312212	Scherzer, Max	2012	0	0	0	0	0	0	0	0	0	0	1	0	0	0	0	0	0	0	0	0	0	0	0	0	0	0	0	0	0	0	0	3,750,000	0	1	0	4.079	187.2	3.74	32.0	32.0	16.0	7.0	0.0	4.4	14.0	3.85	11.08	0.25	0.312	0.409	0.721	804.2	3.88	142.0	133.0	52.0	42.0	9.0	14.4	50.0	3.07	9.27	0.254	0.319	0.413	0.733	1
315491	Masterson, Justin	2012	0	0	0	0	0	0	0	1	0	0	0	0	0	0	0	0	0	0	0	0	0	0	0	0	0	0	0	0	0	0	0	3,825,000	0	1	0	4.1080000000000005	206.1	4.93	34.0	34.0	11.0	15.0	0.0	2.3	6.0	1.81	6.94	0.26899999999999996	0.348	0.38799999999999996	0.736	820.0	4.17	180.0	121.0	39.0	53.0	0.0	10.4	38.0	1.98	7.07	0.262	0.33899999999999997	0.374	0.713	0
206766	Volquez, Edinson	2012	0	0	0	0	0	0	0	0	0	0	0	0	0	0	0	0	0	0	0	0	0	0	0	1	0	0	0	0	0	0	0	2,237,500	0	0	1	5.059	182.2	4.14	32.0	32.0	11.0	11.0	0.0	1.5	6.0	1.66	8.57	0.23600000000000002	0.344	0.36200000000000004	0.706	679.2	4.52	126.0	122.0	44.0	40.0	190.0	6.4	29.0	1.76	8.65	0.249	0.35100000000000003	0.397	0.748	0
301513	Bailey, Homer	2012	0	0	0	0	0	0	1	0	0	0	0	0	0	0	0	0	0	0	0	0	0	0	0	0	0	0	0	0	0	0	0	2,500,000	0	1	0	4.0169999999999995	208.0	3.68	33.0	33.0	13.0	10.0	0.0	2.7	12.0	3.23	7.27	0.256	0.306	0.41200000000000003	0.718	644.0	4.5	111.0	111.0	38.0	33.0	148.0	7.6	29.0	2.28	7.07	0.268	0.33	0.42	0.7509999999999999	1
335139	Zimmermann, Jordan	2012	0	0	0	0	0	0	0	0	0	0	0	0	0	0	0	0	0	0	0	0	0	0	0	0	0	0	0	0	0	0	1	2,300,000	0	1	0	3.154	195.2	2.94	32.0	32.0	12.0	8.0	0.0	3.3	15.0	3.56	7.04	0.251	0.297	0.38799999999999996	0.6859999999999999	479.1	3.47	81.0	81.0	24.0	26.0	196.0	8.3	30.0	3.5	7.44	0.255	0.305	0.39899999999999997	0.7040000000000001	1
312625	Richard, Clayton	2012	0	0	0	0	0	0	0	0	0	0	0	0	0	0	0	0	0	0	0	0	0	0	0	1	0	0	0	0	0	0	0	2,705,000	0	1	0	4.07	218.2	3.99	33.0	33.0	14.0	14.0	0.0	0.4	7.0	2.55	4.4	0.267	0.304	0.435	0.7390000000000001	720.2	4.13	135.0	118.0	44.0	42.0	86.0	5.4	27.0	1.88	5.69	0.271	0.331	0.41100000000000003	0.742	1
330798	Porcello, Rick	2012	0	0	0	0	0	0	0	0	0	0	1	0	0	0	0	0	0	0	0	0	0	0	0	0	0	0	0	0	0	0	0	3,100,000	0	1	0	3.17	176.1	4.59	31.0	31.0	10.0	12.0	0.0	2.8	7.0	2.43	5.46	0.31	0.353	0.455	0.8079999999999999	691.2	4.55	120.0	120.0	48.0	42.0	0.0	8.1	33.0	2.13	5.0	0.29	0.337	0.43200000000000005	0.769	0
227795	Harrison, Matt	2012	0	0	0	0	0	0	0	0	0	0	0	0	0	0	0	0	0	0	0	0	0	0	0	0	0	0	0	0	1	0	0	3,050,000	0	1	0	4.083	213.1	3.29	32.0	32.0	18.0	11.0	0.0	3.2	18.0	2.25	5.61	0.258	0.406	0.309	0.7140000000000001	624.1	4.08	126.0	94.0	48.0	30.0	147.0	7.6	40.0	1.82	5.49	0.27	0.423	0.32799999999999996	0.7509999999999999	0
310946	Hochevar, Luke	2012	0	0	0	0	0	0	0	0	0	0	0	0	1	0	0	0	0	0	0	0	0	0	0	0	0	0	0	0	0	0	0	3,510,000	0	0	1	4.151	185.1	5.73	32.0	32.0	8.0	16.0	0.0	1.1	1.0	2.36	6.99	0.281	0.34700000000000003	0.47100000000000003	0.818	771.0	5.39	132.0	128.0	38.0	59.0	123.0	6.7	17.0	2.07	6.2	0.273	0.33799999999999997	0.44799999999999995	0.785	0
312090	Kennedy, Ian	2012	0	1	0	0	0	0	0	0	0	0	0	0	0	0	0	0	0	0	0	0	0	0	0	0	0	0	0	0	0	0	0	519,500	1	0	0	3.1239999999999997	208.1	4.02	33.0	33.0	15.0	12.0	0.0	2.5	11.0	3.4	8.08	0.266	0.322	0.45299999999999996	0.775	684.0	3.76	112.0	110.0	46.0	29.0	27.0	9.5	44.0	2.75	7.84	0.244	0.309	0.406	0.7140000000000001	0
332780	Latos, Mat	2012	0	0	0	0	0	0	1	0	0	0	0	0	0	0	0	0	0	0	0	0	0	0	0	0	0	0	0	0	0	0	0	550,000	1	0	0	3.0789999999999997	209.1	3.48	33.0	33.0	14.0	4.0	0.0	3.1	16.0	2.89	7.95	0.23	0.39	0.29100000000000004	0.6809999999999999	639.0	3.41	105.0	105.0	41.0	33.0	26.0	11.5	38.0	3.01	8.42	0.22699999999999998	0.363	0.28800000000000003	0.6509999999999999	1
326907	Fister, Doug	2012	0	0	0	0	0	0	0	0	0	0	1	0	0	0	0	0	0	0	0	0	0	0	0	0	0	0	0	0	0	0	0	507,500	1	0	0	3.0580000000000003	161.2	3.45	26.0	26.0	10.0	10.0	47.0	3.4	11.0	3.7	7.63	0.249	0.299	0.385	0.6829999999999999	610.0	3.48	97.0	95.0	30.0	41.0	71.0	11.6	40.0	3.4	6.08	0.254	0.297	0.37799999999999995	0.675	0
328166	Hanson, Tommy	2012	0	0	0	0	0	0	0	0	0	0	0	0	0	0	1	0	0	0	0	0	0	0	0	0	0	0	0	0	0	0	0	535,000	1	0	0	3.12	174.2	4.48	31.0	31.0	13.0	10.0	17.0	0.7	6.0	2.27	8.3	0.271	0.344	0.46399999999999997	0.8079999999999999	635.0	3.61	108.0	108.0	45.0	32.0	85.0	9.1	36.0	2.7	8.39	0.24100000000000002	0.311	0.391	0.7020000000000001	0
301544	Happ, JA	2012	0	0	0	0	0	0	0	0	0	0	0	0	0	0	0	0	0	0	0	0	0	0	0	0	0	0	0	0	0	1	0	2,350,000	0	1	0	4.047	144.2	4.79	28.0	24.0	10.0	11.0	30.0	1.9	5.0	2.57	8.96	0.264	0.332	0.455	0.787	590.0	4.19	116.0	96.0	35.0	35.0	111.0	5.5	29.0	1.93	7.6	0.253	0.331	0.423	0.754	0
335094	Leake, Mike	2012	0	0	0	0	0	0	1	0	0	0	0	0	0	0	0	0	0	0	0	0	0	0	0	0	0	0	0	0	0	0	0	507,500	1	0	0	3.0	179.0	4.58	30.0	30.0	8.0	9.0	0.0	1.4	8.0	2.83	5.83	0.287	0.326	0.479	0.805	485.0	4.23	83.0	78.0	28.0	22.0	16.0	3.7	24.0	2.54	6.03	0.276	0.324	0.45	0.774	1
1853	McDonald, James	2012	0	0	0	0	0	0	0	0	0	0	0	0	0	0	0	0	0	0	0	0	0	0	1	0	0	0	0	0	0	0	0	502,500	1	0	0	3.08	171.0	4.21	30.0	29.0	12.0	8.0	0.0	1.3	6.0	2.19	7.95	0.233	0.311	0.40399999999999997	0.715	482.2	4.1	125.0	76.0	30.0	28.0	0.0	3.5	20.0	1.98	7.78	0.252	0.33299999999999996	0.40399999999999997	0.737	0
332960	Norris, Bud	2012	0	0	0	0	0	0	0	0	0	0	0	1	0	0	0	0	0	0	0	0	0	0	0	0	0	0	0	0	0	0	0	511,000	1	0	0	3.068	168.1	4.65	29.0	29.0	7.0	13.0	16.0	1.7	4.0	2.5	8.82	0.254	0.32899999999999996	0.423	0.752	563.2	4.42	98.0	97.0	28.0	37.0	50.0	5.8	17.0	2.32	8.83	0.255	0.33299999999999996	0.419	0.752	0
301563	Niemann, Jeff	2012	0	0	0	0	0	0	0	0	0	0	0	0	0	0	0	0	0	0	0	0	0	0	0	0	0	0	0	1	0	0	0	2,750,000	0	1	0	4.022	38.0	3.08	8.0	8.0	2.0	3.0	109.0	0.9	2.0	2.83	8.05	0.213	0.282	0.312	0.594	544.1	4.08	97.0	92.0	40.0	26.0	176.0	6.5	28.0	2.31	6.76	0.251	0.315	0.40700000000000003	0.722	0
331939	Feliz, Neftali	2012	0	0	0	0	0	0	0	0	0	0	0	0	0	0	0	0	0	0	0	0	0	0	0	0	0	0	0	0	1	0	0	502,000	1	0	0	3.0639999999999996	42.2	3.16	8.0	7.0	3.0	1.0	138.0	0.5	4.0	1.61	7.8	0.187	0.303	0.32	0.623	205.1	2.67	162.0	7.0	10.0	7.0	153.0	4.5	37.0	2.54	8.81	0.17600000000000002	0.266	0.28300000000000003	0.5489999999999999	0
335090	Samardzija, Jeff	2012	0	0	0	0	0	1	0	0	0	0	0	0	0	0	0	0	0	0	0	0	0	0	0	0	0	0	0	0	0	0	0	2,640,000	1	0	0	3.028	174.2	3.81	28.0	28.0	9.0	13.0	0.0	2.7	8.0	3.21	9.27	0.24	0.302	0.396	0.698	344.1	4.1	156.0	33.0	21.0	22.0	0.0	2.9	18.0	2.06	8.42	0.24	0.326	0.38799999999999996	0.7140000000000001	0
326843	Medlen, Kris	2012	0	0	1	0	0	0	0	0	0	0	0	0	0	0	0	0	0	0	0	0	0	0	0	0	0	0	0	0	0	0	0	490,000	1	0	0	3.137	138.0	1.57	50.0	12.0	10.0	1.0	0.0	3.7	18.0	5.22	7.83	0.20800000000000002	0.243	0.28600000000000003	0.529	315.2	2.85	120.0	30.0	19.0	8.0	237.0	6.0	28.0	3.74	7.9	0.23800000000000002	0.28600000000000003	0.355	0.64	0
313626	Detwiler, Ross	2012	0	0	0	0	0	0	0	0	0	0	0	0	0	0	0	0	0	0	0	0	0	0	0	0	0	0	0	0	0	0	1	485,000	1	0	0	3.002	164.1	3.4	33.0	27.0	10.0	8.0	0.0	1.5	9.0	2.02	5.75	0.24100000000000002	0.304	0.377	0.6809999999999999	336.2	3.74	72.0	56.0	16.0	22.0	110.0	3.1	15.0	1.74	5.53	0.259	0.326	0.391	0.7170000000000001	0
328268	Estrada, Marco	2012	0	0	0	0	0	0	0	0	0	0	0	0	0	0	0	0	1	0	0	0	0	0	0	0	0	0	0	0	0	0	0	486,000	1	0	0	3.035	138.1	3.64	29.0	23.0	5.0	7.0	33.0	3.3	8.0	4.93	9.3	0.247	0.285	0.419	0.703	262.1	4.32	94.0	32.0	9.0	16.0	158.0	3.8	12.0	3.6	9.02	0.249	0.302	0.425	0.728	0
312191	Bard, Daniel	2012	0	0	0	0	1	0	0	0	0	0	0	0	0	0	0	0	0	0	0	0	0	0	0	0	0	0	0	0	0	0	0	1,612,500	0	1	0	3.074	59.1	6.22	17.0	10.0	5.0	6.0	0.0	-0.7	1.0	0.88	5.76	0.271	0.40399999999999997	0.44799999999999995	0.852	256.1	3.65	209.0	10.0	10.0	19.0	0.0	2.6	23.0	2.11	8.81	0.21	0.308	0.341	0.649	0
329342	Hunter, Tommy	2012	0	0	0	1	0	0	0	0	0	0	0	0	0	0	0	0	0	0	0	0	0	0	0	0	0	0	0	0	0	0	0	493,500	1	0	0	3.0660000000000003	133.2	5.45	33.0	20.0	7.0	8.0	0.0	-0.4	4.0	2.85	5.18	0.302	0.337	0.527	0.8640000000000001	469.1	4.77	98.0	75.0	33.0	24.0	116.0	2.7	25.0	2.37	5.04	0.28	0.324	0.47100000000000003	0.795	0
304326	Chacin, Jhoulys	2012	0	0	0	0	0	0	0	0	1	0	0	0	0	0	0	0	0	0	0	0	0	0	0	0	0	0	0	0	0	0	0	482,000	1	0	0	3.012	69.0	4.43	14.0	14.0	3.0	5.0	111.0	0.3	4.0	1.41	5.87	0.28800000000000003	0.457	0.364	0.821	411.1	3.68	82.0	67.0	23.0	31.0	111.0	5.0	26.0	1.81	7.57	0.23800000000000002	0.382	0.327	0.708	1
186608	Narveson, Chris	2012	0	0	0	0	0	0	0	0	0	0	0	0	0	0	0	0	1	0	0	0	0	0	0	0	0	0	0	0	0	0	0	500,000	1	0	0	3.102	9.0	7.0	2.0	2.0	1.0	1.0	171.0	-0.1	0.0	1.25	5.0	0.294	0.35	0.5589999999999999	0.909	394.2	4.67	95.0	63.0	26.0	18.0	186.0	4.0	15.0	2.19	7.43	0.259	0.326	0.424	0.75	0
312316	Lincecum, Timothy	2011	0	0	0	0	0	0	0	0	0	0	0	0	0	0	0	0	0	0	0	0	0	0	0	0	0	1	0	0	0	0	0	14,100,000	0	1	0	4.148	217.0	2.74	33.0	33.0	13.0	14.0	0.0	4.0	16.0	2.56	9.12	0.222	0.344	0.302	0.6459999999999999	1028.0	2.98	156.0	155.0	69.0	41.0	0.0	26.1	85.0	2.97	9.87	0.223	0.33299999999999996	0.297	0.63	1
221017	Hamels, Cole	2011	0	0	0	0	0	0	0	0	0	0	0	0	0	0	0	0	0	0	0	0	0	1	0	0	0	0	0	0	0	0	0	9,550,000	0	0	1	5.143	216.0	2.79	32.0	31.0	14.0	9.0	16.0	4.9	17.0	4.41	8.08	0.214	0.259	0.337	0.596	1161.1	3.39	181.0	180.0	74.0	54.0	66.0	23.3	84.0	3.74	8.45	0.237	0.28800000000000003	0.395	0.682	0
310843	Garza, Matt	2011	0	0	0	0	0	1	0	0	0	0	0	0	0	0	0	0	0	0	0	0	0	0	0	0	0	0	0	0	0	0	0	5,950,000	0	0	1	4.149	198.0	3.32	31.0	31.0	10.0	10.0	19.0	4.9	10.0	3.13	8.95	0.245	0.304	0.35	0.654	923.1	3.83	152.0	149.0	52.0	54.0	35.0	14.5	49.0	2.41	7.5	0.251	0.316	0.392	0.708	1
221894	Guthrie, Jeremy	2011	0	0	0	0	0	0	0	0	1	0	0	0	0	0	0	0	0	0	0	0	0	0	0	0	0	0	0	0	0	0	0	5,750,000	0	0	1	5.13	208.0	4.33	34.0	32.0	9.0	17.0	0.0	1.9	8.0	1.97	5.63	0.267	0.326	0.444	0.77	1020.1	4.19	177.0	154.0	47.0	65.0	21.0	10.4	56.0	2.06	5.52	0.258	0.317	0.434	0.7509999999999999	1
192309	Sanchez, Anibal	2011	0	0	0	0	0	0	0	0	0	0	0	0	0	0	0	1	0	0	0	0	0	0	0	0	0	0	0	0	0	0	0	3,700,000	0	0	1	5.099	196.1	3.67	32.0	32.0	8.0	9.0	0.0	3.5	10.0	3.16	9.26	0.25	0.313	0.39799999999999996	0.711	673.1	3.72	114.0	113.0	39.0	38.0	365.0	10.3	37.0	2.08	7.57	0.253	0.32899999999999996	0.384	0.713	1
234376	Marcum, Shaun	2011	0	0	0	0	0	0	0	0	0	0	0	0	0	0	0	0	1	0	0	0	0	0	0	0	0	0	0	0	0	0	0	4,050,000	0	0	1	5.127999999999999	200.2	3.54	33.0	33.0	13.0	7.0	0.0	3.6	13.0	2.77	7.09	0.23199999999999998	0.284	0.37200000000000005	0.6559999999999999	792.2	3.77	153.0	128.0	50.0	32.0	232.0	10.4	53.0	2.64	7.23	0.24100000000000002	0.301	0.409	0.7090000000000001	1
315452	Kershaw, Clayton	2011	0	0	0	0	0	0	0	0	0	0	0	0	0	1	0	0	0	0	0	0	0	0	0	0	0	0	0	0	0	0	0	500,000	1	0	0	3.105	233.1	2.28	33.0	33.0	21.0	5.0	0.0	7.1	23.0	4.59	9.57	0.207	0.298	0.256	0.5539999999999999	716.1	2.88	118.0	116.0	47.0	28.0	0.0	17.8	55.0	2.68	9.36	0.21600000000000003	0.318	0.294	0.612	1
310989	Pelfrey, Mike	2011	0	0	0	0	0	0	0	0	0	0	0	0	0	0	0	0	0	0	1	0	0	0	0	0	0	0	0	0	0	0	0	3,925,000	0	1	0	4.122	193.2	4.74	34.0	33.0	7.0	13.0	0.0	0.9	3.0	1.62	4.88	0.28600000000000003	0.344	0.434	0.777	876.2	4.4	150.0	146.0	50.0	54.0	0.0	8.9	32.0	1.57	5.06	0.28300000000000003	0.349	0.414	0.763	0
171791	Sanchez, Jonathan	2011	0	0	0	0	0	0	0	0	0	0	0	0	1	0	0	0	0	0	0	0	0	0	0	0	0	0	0	0	0	0	0	4,800,000	0	0	1	5.071000000000001	101.1	4.26	19.0	19.0	4.0	7.0	80.0	0.5	2.0	1.55	9.06	0.22	0.345	0.35700000000000004	0.703	708.0	4.26	174.0	118.0	38.0	46.0	124.0	8.0	31.0	1.96	9.36	0.231	0.33299999999999996	0.377	0.711	0
227843	Jurrjens, Jair	2011	0	0	1	0	0	0	0	0	0	0	0	0	0	0	0	0	0	0	0	0	0	0	0	0	0	0	0	0	0	0	0	3,300,000	0	1	0	4.047	152.0	2.96	23.0	23.0	13.0	6.0	31.0	1.3	12.0	2.05	5.33	0.249	0.306	0.384	0.69	702.1	3.4	115.0	115.0	49.0	33.0	107.0	10.4	46.0	1.98	6.15	0.251	0.315	0.39	0.705	1
189729	Liriano, Francisco	2011	0	0	0	0	0	0	0	0	0	0	0	0	0	0	0	0	0	1	0	0	0	0	0	0	0	0	0	0	0	0	0	4,300,000	0	0	1	5.104	134.1	5.09	26.0	24.0	9.0	10.0	36.0	0.7	4.0	1.49	7.5	0.249	0.35	0.376	0.726	683.1	4.19	134.0	113.0	47.0	42.0	275.0	12.7	40.0	2.52	8.94	0.248	0.32299999999999995	0.38	0.703	0
315542	Lannan, John	2011	0	0	0	0	0	0	0	0	0	0	0	0	0	0	0	0	0	0	0	0	0	0	0	0	0	0	0	0	0	0	1	2,750,000	0	1	0	4.011	184.2	3.7	33.0	33.0	10.0	13.0	0.0	1.2	8.0	1.39	5.17	0.272	0.34700000000000003	0.389	0.736	751.0	4.0	128.0	128.0	38.0	51.0	0.0	4.9	32.0	1.39	4.71	0.272	0.34	0.41100000000000003	0.7509999999999999	1
301589	Vargas, Jason	2011	0	0	0	0	0	0	0	0	0	0	0	0	0	0	0	0	0	0	0	0	0	0	0	0	1	0	0	0	0	0	0	2,600,000	0	1	0	4.114	201.0	4.25	32.0	32.0	10.0	13.0	0.0	2.3	8.0	2.22	5.87	0.26	0.314	0.39799999999999996	0.7120000000000001	612.1	4.53	117.0	97.0	28.0	39.0	193.0	6.6	26.0	1.95	5.72	0.263	0.322	0.423	0.745	0
301763	Price, David	2011	0	0	0	0	0	0	0	0	0	0	0	0	0	0	0	0	0	0	0	0	0	0	0	0	0	0	0	1	0	0	0	2,109,671	1	0	0	2.164	224.1	3.49	34.0	34.0	12.0	13.0	0.0	4.4	13.0	3.46	8.75	0.23	0.289	0.37	0.659	575.1	3.38	94.0	89.0	41.0	26.0	0.0	10.0	37.0	2.6	8.13	0.228	0.298	0.363	0.66	0
312467	Morrow, Brandon	2011	0	0	0	0	0	0	0	0	0	0	0	0	0	0	0	0	0	0	0	0	0	0	0	0	0	0	0	0	0	1	0	2,300,000	0	1	0	4.091	179.1	4.72	30.0	30.0	11.0	11.0	21.0	3.2	7.0	2.94	10.19	0.237	0.391	0.314	0.705	523.1	4.37	187.0	71.0	29.0	30.0	36.0	7.7	30.0	2.22	10.06	0.235	0.38	0.33	0.7090000000000001	1
315491	Masterson, Justin	2011	0	0	0	0	0	0	0	1	0	0	0	0	0	0	0	0	0	0	0	0	0	0	0	0	0	0	0	0	0	0	0	468,400	1	0	0	3.108	216.0	3.21	34.0	33.0	12.0	10.0	0.0	4.2	15.0	2.43	6.58	0.257	0.318	0.349	0.667	613.2	3.92	146.0	87.0	28.0	38.0	0.0	8.2	32.0	2.04	7.11	0.259	0.336	0.369	0.705	0
312212	Scherzer, Max	2011	0	0	0	0	0	0	0	0	0	0	1	0	0	0	0	0	0	0	0	0	0	0	0	0	0	0	0	0	0	0	0	600,000	1	0	0	3.0789999999999997	195.0	4.43	33.0	33.0	15.0	9.0	0.0	2.2	10.0	3.11	8.03	0.272	0.325	0.455	0.7809999999999999	617.0	3.92	110.0	101.0	36.0	35.0	9.0	10.0	36.0	2.85	8.72	0.255	0.322	0.414	0.736	0
234655	Kendrick, Kyle	2011	0	0	0	0	0	0	0	0	0	0	0	0	0	0	0	0	0	0	0	0	0	1	0	0	0	0	0	0	0	0	0	2,450,000	0	1	0	3.159	114.2	3.22	34.0	15.0	8.0	6.0	0.0	0.0	7.0	1.97	4.63	0.255	0.311	0.42100000000000004	0.733	598.1	4.41	127.0	98.0	43.0	30.0	0.0	1.5	26.0	1.62	4.14	0.282	0.337	0.456	0.7929999999999999	0
310946	Hochevar, Luke	2011	0	0	0	0	0	0	0	0	0	0	0	0	1	0	0	0	0	0	0	0	0	0	0	0	0	0	0	0	0	0	0	1,760,000	0	1	0	3.1510000000000002	198.0	4.68	31.0	31.0	11.0	11.0	0.0	1.7	7.0	2.06	5.82	0.252	0.313	0.429	0.742	585.2	5.29	100.0	96.0	30.0	43.0	123.0	5.5	16.0	1.97	5.95	0.271	0.335	0.44	0.775	0
301632	Gonzalez, Giovany	2011	0	0	0	0	0	0	0	0	0	0	0	0	0	0	0	0	0	0	0	0	0	0	0	0	0	0	0	0	0	0	1	420,000	1	0	0	2.162	202.0	3.12	32.0	32.0	16.0	12.0	0.0	3.1	15.0	2.16	8.78	0.23	0.336	0.318	0.654	535.1	3.93	95.0	89.0	38.0	32.0	0.0	6.5	32.0	1.94	8.59	0.242	0.37200000000000005	0.332	0.705	0
301636	Hughes, Phil	2011	0	0	0	0	0	0	0	0	0	0	0	0	0	0	0	0	0	0	0	1	0	0	0	0	0	0	0	0	0	0	0	2,700,000	0	1	0	4.113	74.2	5.79	17.0	14.0	5.0	5.0	82.0	0.7	1.0	1.74	5.67	0.28300000000000003	0.34700000000000003	0.451	0.799	443.2	4.46	120.0	71.0	36.0	23.0	267.0	7.2	26.0	2.36	7.51	0.25	0.316	0.402	0.718	0
302529	Braden, Dallas	2011	0	0	0	0	0	0	0	0	0	0	0	0	0	0	0	0	0	0	0	0	1	0	0	0	0	0	0	0	0	0	0	3,350,000	0	1	0	4.039	18.0	3.0	3.0	3.0	1.0	1.0	165.0	0.4	1.0	3.0	7.5	0.265	0.315	0.456	0.7709999999999999	491.1	4.16	94.0	79.0	26.0	36.0	257.0	7.9	25.0	2.16	5.59	0.26899999999999996	0.321	0.40700000000000003	0.728	0
236806	Stauffer, Timothy	2011	0	0	0	0	0	0	0	0	0	0	0	0	0	0	0	0	0	0	0	0	0	0	0	1	0	0	0	0	0	0	0	1,075,000	0	1	0	4.007	185.2	3.73	31.0	31.0	9.0	12.0	0.0	1.5	7.0	2.42	6.2	0.258	0.316	0.413	0.7290000000000001	436.0	3.92	95.0	69.0	23.0	31.0	235.0	3.4	20.0	2.03	6.17	0.258	0.325	0.41	0.735	0
330798	Porcello, Rick	2011	0	0	0	0	0	0	0	0	0	0	1	0	0	0	0	0	0	0	0	0	0	0	0	0	0	0	0	0	0	0	0	1,536,000	1	0	0	2.17	182.0	4.75	31.0	31.0	14.0	9.0	0.0	2.2	8.0	2.26	5.14	0.292	0.33899999999999997	0.435	0.774	515.1	4.54	89.0	89.0	38.0	30.0	0.0	5.2	26.0	2.04	4.84	0.28300000000000003	0.332	0.423	0.755	0
230912	Karstens, Jeffrey	2011	0	0	0	0	0	0	0	0	0	0	0	0	0	0	0	0	0	0	0	0	0	0	1	0	0	0	0	0	0	0	0	1,150,000	0	0	1	4.132	162.1	3.38	30.0	26.0	9.0	9.0	0.0	0.8	9.0	2.91	5.32	0.263	0.302	0.419	0.721	501.2	4.52	119.0	76.0	21.0	36.0	180.0	1.5	18.0	1.91	4.74	0.28	0.326	0.467	0.7929999999999999	0
227795	Harrison, Matt	2011	0	0	0	0	0	0	0	0	0	0	0	0	0	0	0	0	0	0	0	0	0	0	0	0	0	0	0	0	1	0	0	428,830	1	0	0	3.083	185.2	3.39	31.0	30.0	14.0	9.0	0.0	3.7	15.0	2.21	6.11	0.257	0.312	0.374	0.685	411.0	4.49	94.0	62.0	30.0	19.0	147.0	4.4	22.0	1.65	5.43	0.276	0.33799999999999997	0.43200000000000005	0.77	1
234769	Gorzelanny, Tom	2011	0	0	0	0	0	0	0	0	0	0	0	0	0	0	0	0	0	0	0	0	0	0	0	0	0	0	0	0	0	0	1	2,100,000	0	0	1	4.16	105.0	4.03	30.0	15.0	4.0	6.0	26.0	0.9	4.0	2.88	8.14	0.258	0.321	0.43200000000000005	0.753	663.0	4.57	148.0	110.0	40.0	42.0	60.0	6.5	27.0	1.74	6.87	0.266	0.34299999999999997	0.42200000000000004	0.765	0
147792	Vogelsong, Ryan	2011	0	0	0	0	0	0	0	0	0	0	0	0	0	0	0	0	0	0	0	0	0	0	0	0	0	1	0	0	0	0	0	550,000	0	1	0	5.02	179.2	2.71	30.0	28.0	13.0	7.0	0.0	2.1	14.0	2.28	6.96	0.244	0.361	0.31	0.6709999999999999	494.2	4.71	150.0	61.0	23.0	29.0	123.0	2.6	18.0	1.65	6.46	0.268	0.413	0.349	0.762	0
301563	Niemann, Jeff	2011	0	0	0	0	0	0	0	0	0	0	0	0	0	0	0	0	0	0	0	0	0	0	0	0	0	0	0	1	0	0	0	903,000	1	0	0	3.022	135.1	4.06	23.0	23.0	11.0	7.0	46.0	1.6	7.0	2.84	6.98	0.25	0.304	0.426	0.7290000000000001	506.1	4.16	89.0	84.0	38.0	23.0	67.0	5.7	26.0	2.27	6.67	0.254	0.318	0.413	0.731	1
214855	Wells, Randy	2011	0	0	0	0	0	1	0	0	0	0	0	0	0	0	0	0	0	0	0	0	0	0	0	0	0	0	0	0	0	0	0	475,000	1	0	0	3.016	135.1	4.99	23.0	23.0	7.0	6.0	53.0	-0.1	3.0	1.74	5.45	0.26899999999999996	0.32799999999999996	0.43799999999999994	0.7659999999999999	500.1	4.01	86.0	82.0	27.0	30.0	53.0	5.5	26.0	2.08	5.95	0.266	0.325	0.401	0.725	0
312625	Richard, Clayton	2011	0	0	0	0	0	0	0	0	0	0	0	0	0	0	0	0	0	0	0	0	0	0	0	1	0	0	0	0	0	0	0	468,800	1	0	0	3.07	99.2	3.88	18.0	18.0	5.0	9.0	86.0	0.6	2.0	1.39	4.79	0.272	0.34	0.401	0.741	502.0	4.2	102.0	85.0	30.0	28.0	86.0	5.0	20.0	1.75	6.26	0.272	0.342	0.401	0.743	1
315457	Volstad, Chris	2011	0	0	0	0	0	1	0	0	0	0	0	0	0	0	0	0	0	0	0	0	0	0	0	0	0	0	0	0	0	0	0	445,000	1	0	0	3.076	165.2	4.89	29.0	29.0	5.0	13.0	0.0	0.7	2.0	2.39	6.36	0.289	0.335	0.46399999999999997	0.799	584.0	4.59	103.0	102.0	32.0	39.0	0.0	3.2	19.0	1.85	5.83	0.275	0.337	0.433	0.7709999999999999	1
301513	Bailey, Homer	2011	0	0	0	0	0	0	1	0	0	0	0	0	0	0	0	0	0	0	0	0	0	0	0	0	0	0	0	0	0	0	0	441,000	1	0	0	3.017	132.0	4.43	22.0	22.0	9.0	7.0	65.0	1.5	5.0	3.21	7.23	0.264	0.312	0.41600000000000004	0.728	436.0	4.89	78.0	78.0	25.0	23.0	148.0	4.9	17.0	1.99	6.98	0.273	0.342	0.424	0.7659999999999999	0
217309	Morton, Charlie	2011	0	0	0	0	0	0	0	0	0	0	0	0	0	0	0	0	0	0	0	0	0	0	1	0	0	0	0	0	0	0	0	441,000	1	0	0	3.01	171.2	3.83	29.0	29.0	10.0	10.0	0.0	1.8	8.0	1.43	5.77	0.281	0.365	0.37200000000000005	0.737	423.0	5.11	80.0	79.0	21.0	39.0	41.0	3.0	12.0	1.52	5.94	0.289	0.366	0.425	0.7909999999999999	0
301544	Happ, JA	2011	0	0	0	0	0	0	0	0	0	0	0	1	0	0	0	0	0	0	0	0	0	0	0	0	0	0	0	0	0	0	0	474,000	1	0	0	3.0469999999999997	156.1	5.35	28.0	28.0	6.0	15.0	0.0	0.6	1.0	1.61	7.71	0.265	0.353	0.45299999999999996	0.8059999999999999	445.1	4.0	88.0	72.0	25.0	24.0	81.0	3.6	24.0	1.75	7.15	0.25	0.331	0.413	0.7440000000000001	0
335139	Zimmermann, Jordan	2011	0	0	0	0	0	0	0	0	0	0	0	0	0	0	0	0	0	0	0	0	0	0	0	0	0	0	0	0	0	0	1	415,000	1	0	0	2.154	161.1	3.18	26.0	26.0	8.0	11.0	0.0	3.4	11.0	4.0	6.92	0.251	0.294	0.377	0.6709999999999999	283.2	3.84	49.0	49.0	12.0	18.0	196.0	5.1	15.0	3.47	7.71	0.258	0.309	0.40700000000000003	0.716	0
206766	Volquez, Edinson	2011	0	0	0	0	0	0	0	0	0	0	0	0	0	0	0	0	0	0	0	0	0	0	0	1	0	0	0	0	0	0	0	1,625,000	0	1	0	4.059	108.2	5.71	20.0	20.0	5.0	7.0	0.0	-0.4	0.0	1.6	8.61	0.259	0.36200000000000004	0.47200000000000003	0.833	497.0	4.65	94.0	90.0	33.0	29.0	190.0	4.9	23.0	1.79	8.67	0.254	0.354	0.41	0.764	1
203548	Paulino , Felipe	2011	0	0	0	0	0	0	0	0	0	0	0	0	1	0	0	0	0	0	0	0	0	0	0	0	0	0	0	0	0	0	0	790,000	0	1	0	3.1630000000000003	139.1	4.46	39.0	20.0	4.0	10.0	0.0	2.1	5.0	2.42	8.59	0.27899999999999997	0.35200000000000004	0.408	0.76	347.2	5.28	86.0	54.0	10.0	31.0	285.0	3.7	6.0	2.21	8.28	0.28800000000000003	0.361	0.45	0.8109999999999999	0
235599	Danks, John	2011	0	0	0	0	0	0	0	0	0	1	0	0	0	0	0	0	0	0	0	0	0	0	0	0	0	0	0	0	0	0	0	6,000,000	0	0	1	5.0	170.1	4.33	27.0	27.0	8.0	12.0	24.0	3.0	8.0	2.93	7.13	0.27399999999999997	0.42700000000000005	0.325	0.752	917.2	4.03	150.0	150.0	54.0	56.0	24.0	15.5	61.0	2.38	7.0	0.256	0.409	0.317	0.727	0
301591	Weaver, Jered	2010	0	0	0	0	0	0	0	0	0	0	0	0	0	0	1	0	0	0	0	0	0	0	0	0	0	0	0	0	0	0	0	4,365,000	0	1	0	4.129	224.1	3.01	34.0	34.0	13.0	12.0	0.0	5.9	19.0	4.31	9.35	0.222	0.267	0.355	0.622	896.0	3.55	144.0	144.0	64.0	39.0	16.0	18.5	73.0	3.09	7.82	0.243	0.29600000000000004	0.395	0.691	1
159848	Rodriguez, Wandy	2010	0	0	0	0	0	0	0	0	0	0	0	1	0	0	0	0	0	0	0	0	0	0	0	0	0	0	0	0	0	0	0	5,000,000	0	0	1	5.105	195.0	3.6	32.0	32.0	11.0	12.0	0.0	3.6	11.0	2.62	8.22	0.25	0.381	0.319	0.7	985.0	4.18	176.0	167.0	62.0	64.0	38.0	15.3	47.0	2.37	7.66	0.26	0.41600000000000004	0.32799999999999996	0.7440000000000001	1
204495	Nolasco, Ricky	2010	0	0	0	0	0	0	0	0	0	0	0	0	0	0	0	1	0	0	0	0	0	0	0	0	0	0	0	0	0	0	0	3,800,000	0	0	1	4.1419999999999995	157.2	4.51	26.0	26.0	14.0	9.0	33.0	2.0	7.0	4.45	8.39	0.273	0.456	0.309	0.7659999999999999	716.1	4.45	131.0	115.0	54.0	39.0	151.0	11.4	32.0	3.78	8.02	0.263	0.43799999999999994	0.307	0.745	0
230590	Billingsley, Chad	2010	0	0	0	0	0	0	0	0	0	0	0	0	0	1	0	0	0	0	0	0	0	0	0	0	0	0	0	0	0	0	0	3,850,000	0	1	0	4.11	191.2	3.57	31.0	31.0	12.0	11.0	16.0	4.2	11.0	2.48	8.03	0.244	0.315	0.353	0.6679999999999999	825.2	3.55	160.0	131.0	59.0	41.0	16.0	14.4	54.0	2.1	8.19	0.248	0.32899999999999996	0.369	0.698	0
235599	Danks, John	2010	0	0	0	0	0	0	0	0	0	1	0	0	0	0	0	0	0	0	0	0	0	0	0	0	0	0	0	0	0	0	0	3,450,000	0	1	0	4.0	213.0	3.72	32.0	32.0	15.0	11.0	0.0	4.4	16.0	2.31	6.85	0.237	0.301	0.355	0.657	747.1	3.96	123.0	123.0	46.0	44.0	0.0	12.5	53.0	2.28	6.97	0.252	0.316	0.405	0.721	0
310843	Garza, Matt	2010	0	0	0	0	0	1	0	0	0	0	0	0	0	0	0	0	0	0	0	0	0	0	0	0	0	0	0	0	0	0	0	3,350,000	0	1	0	3.1489999999999996	204.2	3.91	33.0	32.0	15.0	10.0	0.0	1.9	10.0	2.38	6.6	0.248	0.308	0.42	0.728	725.1	3.97	121.0	118.0	42.0	44.0	16.0	9.7	39.0	2.23	7.1	0.252	0.319	0.40399999999999997	0.723	0
221894	Guthrie, Jeremy	2010	0	0	0	1	0	0	0	0	0	0	0	0	0	0	0	0	0	0	0	0	0	0	0	0	0	0	0	0	0	0	0	3,000,000	0	1	0	4.13	209.1	3.83	32.0	32.0	11.0	14.0	0.0	2.5	15.0	2.38	5.12	0.243	0.298	0.41600000000000004	0.7140000000000001	812.1	4.15	143.0	122.0	38.0	48.0	21.0	8.5	48.0	2.08	5.5	0.256	0.314	0.43200000000000005	0.746	1
212460	Saunders, Joe	2010	0	1	0	0	0	0	0	0	0	0	0	0	0	0	0	0	0	0	0	0	0	0	0	0	0	0	0	0	0	0	0	3,750,000	0	1	0	4.013	203.1	4.47	33.0	33.0	9.0	17.0	0.0	1.2	6.0	1.78	5.05	0.29100000000000004	0.344	0.457	0.8009999999999999	774.2	4.29	128.0	128.0	57.0	39.0	18.0	6.6	46.0	1.78	5.14	0.27699999999999997	0.33399999999999996	0.431	0.765	0
171791	Sanchez, Jonathan	2010	0	0	0	0	0	0	0	0	0	0	0	0	0	0	0	0	0	0	0	0	0	0	0	0	0	1	0	0	0	0	0	2,175,000	0	1	0	4.071000000000001	193.1	3.07	34.0	33.0	13.0	9.0	0.0	2.3	14.0	2.14	9.54	0.204	0.307	0.34299999999999997	0.65	606.2	4.26	155.0	99.0	34.0	39.0	44.0	7.5	29.0	2.05	9.41	0.233	0.331	0.38	0.7120000000000001	0
189729	Liriano, Francisco	2010	0	0	0	0	0	0	0	0	0	0	0	0	0	0	0	0	0	1	0	0	0	0	0	0	0	0	0	0	0	0	0	1,700,000	0	1	0	4.104	191.2	3.62	31.0	31.0	14.0	10.0	0.0	5.7	14.0	3.47	9.44	0.252	0.315	0.355	0.67	549.0	3.97	108.0	89.0	38.0	32.0	239.0	12.0	36.0	2.92	9.3	0.248	0.316	0.381	0.6970000000000001	1
234376	Marcum, Shaun	2010	0	0	0	0	0	0	0	0	0	0	0	0	0	0	0	0	1	0	0	0	0	0	0	0	0	0	0	0	0	0	0	850,000	0	1	0	4.128	195.1	3.64	31.0	31.0	13.0	8.0	16.0	3.6	14.0	3.84	7.6	0.242	0.28800000000000003	0.40299999999999997	0.691	592.0	3.85	120.0	95.0	37.0	25.0	232.0	6.8	40.0	2.6	7.28	0.244	0.306	0.42100000000000004	0.727	1
310989	Pelfrey, Mike	2010	0	0	0	0	0	0	0	0	0	0	0	0	0	0	0	0	0	0	1	0	0	0	0	0	0	0	0	0	0	0	0	500,000	1	0	0	3.122	204.0	3.66	34.0	33.0	15.0	9.0	0.0	2.6	12.0	1.66	4.99	0.275	0.337	0.39799999999999996	0.735	683.0	4.31	116.0	113.0	43.0	41.0	0.0	8.0	29.0	1.56	5.11	0.28300000000000003	0.35100000000000003	0.408	0.759	0
192309	Sanchez, Anibal	2010	0	0	0	0	0	0	0	0	0	0	0	0	0	0	0	1	0	0	0	0	0	0	0	0	0	0	0	0	0	0	0	1,350,000	0	1	0	4.099	195.0	3.55	32.0	32.0	13.0	12.0	0.0	3.9	11.0	2.24	7.25	0.257	0.325	0.35600000000000004	0.68	477.0	3.74	82.0	81.0	31.0	29.0	365.0	6.9	27.0	1.75	6.87	0.254	0.335	0.37799999999999995	0.7140000000000001	0
300393	Cueto, Johnny	2010	0	0	0	0	0	0	1	0	0	0	0	0	0	0	0	0	0	0	0	0	0	0	0	0	0	0	0	0	0	0	0	445,000	1	0	0	3.0	185.2	3.64	31.0	31.0	12.0	7.0	0.0	2.6	12.0	2.46	6.69	0.257	0.408	0.319	0.727	531.0	4.27	92.0	92.0	32.0	32.0	15.0	5.7	25.0	2.31	7.25	0.261	0.43700000000000006	0.332	0.77	1
302529	Braden, Dallas	2010	0	0	0	0	0	0	0	0	0	0	0	0	0	0	0	0	0	0	0	0	1	0	0	0	0	0	0	0	0	0	0	420,000	1	0	0	3.0389999999999997	192.2	3.5	30.0	30.0	11.0	14.0	27.0	3.4	12.0	2.63	5.28	0.249	0.294	0.373	0.6679999999999999	473.1	4.2	91.0	76.0	25.0	35.0	92.0	7.5	24.0	2.13	5.51	0.26899999999999996	0.321	0.405	0.726	0
227843	Jurrjens, Jair	2010	0	0	1	0	0	0	0	0	0	0	0	0	0	0	0	0	0	0	0	0	0	0	0	0	0	0	0	0	0	0	0	480,000	1	0	0	3.0469999999999997	116.1	4.64	20.0	20.0	7.0	6.0	61.0	1.1	4.0	2.05	6.65	0.27	0.33299999999999996	0.45799999999999996	0.7909999999999999	550.1	3.52	92.0	92.0	36.0	27.0	76.0	9.1	34.0	1.97	6.38	0.251	0.318	0.391	0.7090000000000001	0
214902	Hammel, Jason	2010	0	0	0	0	0	0	0	0	1	0	0	0	0	0	0	0	0	0	0	0	0	0	0	0	0	0	0	0	0	0	0	1,900,000	0	1	0	3.153	177.2	4.81	30.0	30.0	10.0	9.0	18.0	3.2	8.0	3.0	7.14	0.287	0.42	0.335	0.755	561.2	5.06	137.0	88.0	27.0	32.0	18.0	7.0	23.0	2.24	6.63	0.29100000000000004	0.452	0.348	0.799	1
315542	Lannan, John	2010	0	0	0	0	0	0	0	0	0	0	0	0	0	0	0	0	0	0	0	0	0	0	0	0	0	0	0	0	0	0	1	458,000	1	0	0	3.011	143.1	4.65	25.0	25.0	8.0	8.0	0.0	0.9	4.0	1.45	4.46	0.302	0.35700000000000004	0.441	0.799	566.1	4.1	95.0	95.0	28.0	38.0	0.0	3.7	24.0	1.39	4.56	0.272	0.33799999999999997	0.418	0.7559999999999999	0
315554	Slowey, Kevin	2010	0	0	0	0	0	0	0	0	0	0	0	0	0	0	0	0	0	1	0	0	0	0	0	0	0	0	0	0	0	0	0	470,000	1	0	0	3.063	155.2	4.45	30.0	28.0	13.0	6.0	15.0	2.3	8.0	4.0	6.71	0.28	0.311	0.45899999999999996	0.77	473.1	4.41	86.0	82.0	39.0	21.0	141.0	6.6	26.0	4.57	6.86	0.28	0.31	0.47200000000000003	0.782	1
301636	Hughes, Phil	2010	0	0	0	0	0	0	0	0	0	0	0	0	0	0	0	0	0	0	0	1	0	0	0	0	0	0	0	0	0	0	0	447,000	1	0	0	3.113	176.1	4.19	31.0	29.0	18.0	8.0	0.0	2.6	11.0	2.52	7.45	0.244	0.302	0.4	0.7020000000000001	369.0	4.2	103.0	57.0	31.0	18.0	185.0	6.5	25.0	2.48	7.88	0.243	0.309	0.392	0.701	0
301589	Vargas, Jason	2010	0	0	0	0	0	0	0	0	0	0	0	0	0	0	0	0	0	0	0	0	0	0	0	0	1	0	0	0	0	0	0	412,500	1	0	0	3.114	192.2	3.78	31.0	31.0	9.0	12.0	0.0	3.0	10.0	2.15	5.42	0.251	0.3	0.39899999999999997	0.6990000000000001	411.1	4.66	85.0	65.0	18.0	26.0	193.0	4.3	18.0	1.83	5.65	0.265	0.326	0.436	0.7609999999999999	0
234655	Kendrick, Kyle	2010	0	0	0	0	0	0	0	0	0	0	0	0	0	0	0	0	0	0	0	0	0	1	0	0	0	0	0	0	0	0	0	480,000	1	0	0	2.1590000000000003	180.2	4.73	33.0	31.0	11.0	10.0	0.0	0.4	5.0	1.71	4.18	0.28300000000000003	0.32899999999999996	0.47700000000000004	0.807	483.2	4.69	93.0	83.0	35.0	24.0	0.0	1.9	19.0	1.54	4.02	0.28800000000000003	0.34299999999999997	0.46299999999999997	0.8059999999999999	0
124974	Dickey, R A	2010	0	0	0	0	0	0	0	0	0	0	0	0	0	0	0	0	0	0	1	0	0	0	0	0	0	0	0	0	0	0	0	700,000	0	1	0	5.007	174.1	2.84	27.0	26.0	11.0	9.0	0.0	2.7	15.0	2.48	5.37	0.251	0.361	0.299	0.66	617.0	4.7	171.0	74.0	33.0	37.0	90.0	3.2	32.0	1.71	5.47	0.282	0.44799999999999995	0.344	0.792	1
158362	Galarraga, Armando	2010	0	0	0	0	0	0	0	0	0	0	1	0	0	0	0	0	0	0	0	0	0	0	0	0	0	0	0	0	0	0	0	437,000	1	0	0	2.148	144.1	4.49	25.0	24.0	4.0	9.0	0.0	0.5	5.0	1.45	4.61	0.258	0.321	0.444	0.765	475.1	4.58	87.0	78.0	23.0	26.0	0.0	1.9	21.0	1.62	5.7	0.254	0.325	0.445	0.77	0
312467	Morrow, Brandon	2010	0	0	0	0	0	0	0	0	0	0	0	0	0	0	0	0	0	0	0	0	0	0	0	0	0	0	0	0	0	1	0	409,800	1	0	0	3.091	146.1	4.49	26.0	26.0	10.0	7.0	0.0	3.6	7.0	2.7	10.95	0.248	0.337	0.389	0.725	344.0	4.19	157.0	41.0	18.0	19.0	15.0	4.5	23.0	1.97	9.99	0.23399999999999999	0.337	0.374	0.711	0
234769	Gorzelanny, Tom	2010	0	0	0	0	0	1	0	0	0	0	0	0	0	0	0	0	0	0	0	0	0	0	0	0	0	0	0	0	0	0	0	850,000	0	1	0	3.16	136.1	4.09	29.0	23.0	7.0	9.0	0.0	1.9	7.0	1.75	7.86	0.26	0.34299999999999997	0.39899999999999997	0.742	558.0	4.68	118.0	95.0	36.0	36.0	34.0	5.7	23.0	1.6	6.63	0.268	0.34700000000000003	0.42	0.768	0
301756	Ohlendorf, Ross	2010	0	0	0	0	0	0	0	0	0	0	0	0	0	0	0	0	0	0	0	0	0	0	1	0	0	0	0	0	0	0	0	439,000	1	0	0	2.1390000000000002	108.1	4.07	21.0	21.0	1.0	11.0	69.0	0.9	4.0	1.8	6.56	0.26	0.335	0.439	0.773	354.0	4.4	86.0	55.0	13.0	25.0	69.0	2.1	16.0	1.89	6.25	0.26899999999999996	0.336	0.45299999999999996	0.789	1
310946	Hochevar, Luke	2010	0	0	0	0	0	0	0	0	0	0	0	0	1	0	0	0	0	0	0	0	0	0	0	0	0	0	0	0	0	0	0	1,760,000	1	0	0	2.151	103.0	4.81	18.0	17.0	6.0	6.0	83.0	1.6	4.0	2.05	6.64	0.272	0.337	0.41700000000000004	0.754	387.2	5.6	69.0	65.0	19.0	32.0	123.0	3.8	9.0	1.93	6.01	0.28	0.345	0.446	0.7909999999999999	0
206766	Volquez, Edinson	2010	0	0	0	0	0	0	1	0	0	0	0	0	0	0	0	0	0	0	0	0	0	0	0	0	0	0	0	0	0	0	0	445,000	1	0	0	3.12	62.2	4.31	12.0	12.0	4.0	3.0	50.0	0.8	3.0	1.91	9.62	0.253	0.35700000000000004	0.382	0.7390000000000001	388.1	4.36	74.0	70.0	28.0	22.0	190.0	5.2	23.0	1.86	8.69	0.253	0.35100000000000003	0.39299999999999996	0.7440000000000001	1
190875	Moseley, Dustin	2010	0	0	0	0	0	0	0	0	0	0	0	0	0	0	0	0	0	0	0	1	0	0	0	0	0	0	0	0	0	0	0	500,000	1	0	0	3.03	65.1	4.96	16.0	9.0	4.0	4.0	0.0	-0.4	2.0	1.22	4.55	0.26899999999999996	0.342	0.465	0.807	233.1	5.28	80.0	32.0	12.0	11.0	194.0	0.8	9.0	1.66	5.05	0.3	0.35600000000000004	0.467	0.823	0
313461	Litsch, Jesse	2010	0	0	0	0	0	0	0	0	0	0	0	0	0	0	0	0	0	0	0	0	0	0	0	0	0	0	0	0	0	1	0	414,700	1	0	0	3.0980000000000003	46.2	5.79	9.0	9.0	1.0	5.0	125.0	0.0	0.0	1.07	3.09	0.28600000000000003	0.34700000000000003	0.47600000000000003	0.8220000000000001	342.2	4.1	60.0	59.0	21.0	24.0	299.0	2.6	19.0	1.9	4.54	0.27	0.32299999999999995	0.436	0.76	0
203548	Paulino , Felipe	2010	0	0	0	0	0	0	0	0	1	0	0	0	0	0	0	0	0	0	0	0	0	0	0	0	0	0	0	0	0	0	0	415,000	1	0	0	2.1630000000000003	91.2	5.11	19.0	14.0	1.0	9.0	83.0	1.7	1.0	1.8	8.15	0.27	0.35600000000000004	0.392	0.748	208.1	5.83	47.0	34.0	6.0	21.0	285.0	1.7	1.0	2.08	8.08	0.294	0.36700000000000005	0.47600000000000003	0.843	0
312316	Lincecum, Timothy	2009	0	0	0	0	0	0	0	0	0	0	0	0	0	0	0	0	0	0	0	0	0	0	0	0	0	1	0	0	0	0	0	650,000	1	0	0	2.148	225.1	2.48	32.0	32.0	15.0	7.0	0.0	7.7	22.0	3.84	10.42	0.20600000000000002	0.29	0.271	0.561	598.2	2.9	90.0	89.0	40.0	17.0	0.0	17.8	55.0	3.12	10.16	0.217	0.318	0.29	0.608	1
301848	Verlander, Justin	2009	0	0	0	0	0	0	0	0	0	0	1	0	0	0	0	0	0	0	0	0	0	0	0	0	0	0	0	0	0	0	0	3,675,000	0	1	0	4.002	240.0	3.45	35.0	35.0	19.0	9.0	0.0	7.7	21.0	4.27	10.09	0.243	0.369	0.295	0.665	840.0	3.92	132.0	132.0	65.0	43.0	0.0	17.2	60.0	2.65	7.99	0.249	0.38	0.318	0.698	1
218562	Hernandez, Felix	2009	0	0	0	0	0	0	0	0	0	0	0	0	0	0	0	0	0	0	0	0	0	0	0	0	1	0	0	0	0	0	0	3,825,000	0	1	0	4.06	238.2	2.49	34.0	34.0	19.0	5.0	0.0	6.2	26.0	3.06	8.18	0.22699999999999998	0.318	0.287	0.605	905.0	3.45	138.0	138.0	58.0	41.0	43.0	18.6	69.0	2.82	8.06	0.252	0.373	0.312	0.685	1
159848	Rodriguez, Wandy	2009	0	0	0	0	0	0	0	0	0	0	0	1	0	0	0	0	0	0	0	0	0	0	0	0	0	0	0	0	0	0	0	2,650,000	0	1	0	4.105	205.2	3.02	33.0	33.0	14.0	12.0	0.0	4.1	16.0	3.06	8.45	0.25	0.309	0.386	0.695	790.0	4.33	144.0	135.0	51.0	52.0	38.0	11.8	36.0	2.32	7.52	0.263	0.33	0.425	0.755	1
301591	Weaver, Jered	2009	0	0	0	0	0	0	0	0	0	0	0	0	0	0	1	0	0	0	0	0	0	0	0	0	0	0	0	0	0	0	0	465,000	1	0	0	3.1289999999999996	211.0	3.75	33.0	33.0	16.0	8.0	0.0	3.9	17.0	2.64	7.42	0.24600000000000002	0.304	0.42	0.723	671.2	3.73	110.0	110.0	51.0	27.0	16.0	12.6	54.0	2.76	7.32	0.25	0.305	0.408	0.713	0
204608	Duke, Zachary	2009	0	0	0	0	0	0	0	0	0	0	0	0	0	0	0	0	0	0	0	0	0	0	1	0	0	0	0	0	0	0	0	2,300,000	0	1	0	4.093999999999999	213.0	4.06	32.0	32.0	11.0	16.0	0.0	2.4	12.0	2.16	4.48	0.285	0.325	0.44	0.764	805.1	4.3	131.0	130.0	37.0	55.0	97.0	10.5	37.0	1.93	4.57	0.302	0.34700000000000003	0.451	0.799	0
230590	Billingsley, Chad	2009	0	0	0	0	0	0	0	0	0	0	0	0	0	1	0	0	0	0	0	0	0	0	0	0	0	0	0	0	0	0	0	475,000	1	0	0	3.11	196.1	4.03	33.0	32.0	12.0	11.0	0.0	3.0	9.0	2.08	8.21	0.244	0.327	0.376	0.703	634.0	3.55	129.0	100.0	47.0	30.0	0.0	10.2	43.0	2.01	8.23	0.249	0.33299999999999996	0.374	0.7070000000000001	0
204495	Nolasco, Ricky	2009	0	0	0	0	0	0	0	0	0	0	0	0	0	0	0	1	0	0	0	0	0	0	0	0	0	0	0	0	0	0	0	2,400,000	0	1	0	3.142	185.0	5.06	31.0	31.0	13.0	9.0	0.0	4.1	6.0	4.43	9.49	0.259	0.301	0.433	0.7340000000000001	558.2	4.43	105.0	89.0	40.0	30.0	118.0	9.3	25.0	3.61	7.91	0.261	0.307	0.433	0.74	0
215438	Johnson, Joshua	2009	0	0	0	0	0	0	0	0	0	0	0	0	0	0	0	1	0	0	0	0	0	0	0	0	0	0	0	0	0	0	0	1,450,000	0	1	0	4.026	209.0	3.23	33.0	33.0	15.0	5.0	0.0	5.5	19.0	3.29	8.22	0.237	0.335	0.294	0.629	481.1	3.4	86.0	76.0	34.0	16.0	268.0	10.3	38.0	2.43	7.95	0.25	0.361	0.32	0.6809999999999999	1
212460	Saunders, Joe	2009	0	0	0	0	0	0	0	0	0	0	0	0	0	0	1	0	0	0	0	0	0	0	0	0	0	0	0	0	0	0	0	475,000	1	0	0	3.013	186.0	4.6	31.0	31.0	16.0	7.0	18.0	0.9	11.0	1.58	4.89	0.27899999999999997	0.34	0.45399999999999996	0.794	571.1	4.22	95.0	95.0	48.0	22.0	18.0	5.4	40.0	1.78	5.17	0.272	0.33	0.42200000000000004	0.752	1
235599	Danks, John	2009	0	0	0	0	0	0	0	0	0	1	0	0	0	0	0	0	0	0	0	0	0	0	0	0	0	0	0	0	0	0	0	520,000	1	0	0	3.0	200.1	3.77	32.0	32.0	13.0	11.0	0.0	2.7	16.0	2.04	6.69	0.245	0.314	0.41200000000000003	0.726	534.1	4.06	91.0	91.0	31.0	33.0	0.0	8.2	37.0	2.27	7.02	0.258	0.321	0.425	0.746	0
310843	Garza, Matt	2009	0	0	0	0	0	0	0	0	0	0	0	0	0	0	0	0	0	0	0	0	0	0	0	0	0	0	0	1	0	0	0	433,300	1	0	0	2.149	203.0	3.95	32.0	32.0	8.0	12.0	0.0	3.0	12.0	2.39	8.38	0.233	0.311	0.384	0.695	520.2	3.99	88.0	86.0	27.0	34.0	16.0	7.8	29.0	2.19	7.29	0.254	0.32299999999999995	0.397	0.72	1
218570	Maine, John	2009	0	0	0	0	0	0	0	0	0	0	0	0	0	0	0	0	0	0	1	0	0	0	0	0	0	0	0	0	0	0	0	2,600,000	0	1	0	4.013	81.1	4.43	15.0	15.0	7.0	6.0	98.0	0.7	4.0	1.45	6.09	0.22399999999999998	0.318	0.358	0.6759999999999999	546.0	4.22	99.0	96.0	40.0	33.0	184.0	6.1	28.0	1.89	7.47	0.23199999999999998	0.316	0.389	0.705	0
221894	Guthrie, Jeremy	2009	0	0	0	1	0	0	0	0	0	0	0	0	0	0	0	0	0	0	0	0	0	0	0	0	0	0	0	0	0	0	0	650,000	1	0	0	3.13	200.0	5.04	33.0	33.0	10.0	17.0	0.0	1.5	7.0	1.83	4.95	0.281	0.336	0.49200000000000005	0.828	603.0	4.27	111.0	90.0	27.0	34.0	21.0	6.0	33.0	2.01	5.63	0.261	0.32	0.43700000000000006	0.757	1
235114	Feldman, Scott	2009	0	0	0	0	0	0	0	0	0	0	0	0	0	0	0	0	0	0	0	0	0	0	0	0	0	0	0	0	1	0	0	434,680	1	0	0	3.091	189.2	4.08	34.0	31.0	17.0	8.0	0.0	2.9	14.0	1.74	5.36	0.25	0.319	0.374	0.693	430.2	4.58	135.0	56.0	24.0	21.0	0.0	3.3	23.0	1.45	5.02	0.265	0.33899999999999997	0.408	0.748	1
171791	Sanchez, Jonathan	2009	0	0	0	0	0	0	0	0	0	0	0	0	0	0	0	0	0	0	0	0	0	0	0	0	0	1	0	0	0	0	0	455,000	1	0	0	3.071	163.1	4.24	32.0	29.0	8.0	12.0	0.0	2.0	7.0	2.01	9.75	0.221	0.324	0.384	0.708	413.1	4.81	121.0	66.0	21.0	30.0	44.0	5.2	15.0	2.0	9.34	0.24600000000000002	0.342	0.397	0.7390000000000001	0
214902	Hammel, Jason	2009	0	0	0	0	0	0	0	0	1	0	0	0	0	0	0	0	0	0	0	0	0	0	0	0	0	0	0	0	0	0	0	422,200	1	0	0	2.153	176.2	4.33	34.0	30.0	10.0	8.0	0.0	3.5	10.0	3.17	6.78	0.29	0.33399999999999996	0.441	0.775	384.0	5.18	107.0	58.0	17.0	23.0	0.0	3.8	15.0	1.98	6.4	0.292	0.353	0.466	0.82	0
189729	Liriano, Francisco	2009	0	0	0	0	0	0	0	0	0	0	0	0	0	0	0	0	0	1	0	0	0	0	0	0	0	0	0	0	0	0	0	430,000	1	0	0	3.1039999999999996	136.2	5.8	29.0	24.0	5.0	13.0	22.0	0.7	2.0	1.88	8.03	0.27899999999999997	0.361	0.469	0.83	357.1	4.16	77.0	58.0	24.0	22.0	239.0	6.3	22.0	2.69	9.22	0.24600000000000002	0.317	0.395	0.7120000000000001	0
192309	Sanchez, Anibal	2009	0	0	0	0	0	0	0	0	0	0	0	0	0	0	0	1	0	0	0	0	0	0	0	0	0	0	0	0	0	0	0	400,000	1	0	0	3.0989999999999998	86.0	3.87	16.0	16.0	4.0	8.0	104.0	0.7	5.0	1.54	7.43	0.253	0.344	0.413	0.7559999999999999	282.0	3.86	50.0	49.0	18.0	17.0	365.0	2.9	16.0	1.5	6.61	0.252	0.342	0.39399999999999996	0.737	0
217112	McCarthy, Brandon	2009	0	0	0	0	0	0	0	0	0	0	0	0	0	0	0	0	0	0	0	0	0	0	0	0	0	0	0	0	1	0	0	650,000	0	1	0	4.055	97.1	4.62	17.0	17.0	7.0	4.0	88.0	1.0	5.0	1.81	6.01	0.255	0.321	0.418	0.7390000000000001	372.2	4.56	110.0	56.0	20.0	24.0	271.0	2.8	19.0	1.77	6.06	0.256	0.324	0.433	0.757	0
234376	Marcum, Shaun	2009	0	0	0	0	0	0	0	0	0	0	0	0	0	0	0	0	0	0	0	0	0	0	0	0	0	0	0	0	0	1	0	405,200	1	0	0	3.128	0.0	0.0	0.0	0.0	0.0	0.0	183.0	0.0	0.0	0.0	0.0	0.0	0.0	0.0	0.0	396.2	3.95	89.0	64.0	24.0	17.0	216.0	3.3	26.0	2.23	7.12	0.244	0.315	0.43	0.7440000000000001	0
198327	Mitre, Sergio	2009	0	0	0	0	0	0	0	0	0	0	0	0	0	0	0	0	0	0	0	1	0	0	0	0	0	0	0	0	0	0	0	1,250,000	0	1	0	4.132	51.2	6.79	12.0	9.0	3.0	3.0	0.0	0.1	0.0	2.46	5.57	0.321	0.361	0.511	0.872	362.1	5.56	90.0	61.0	13.0	26.0	288.0	2.8	6.0	1.82	5.46	0.302	0.361	0.447	0.807	0
213307	Nippert, Dustin	2009	0	0	0	0	0	0	0	0	0	0	0	0	0	0	0	0	0	0	0	0	0	0	0	0	0	0	0	0	1	0	0	411,760	1	0	0	2.14	69.2	3.88	20.0	10.0	5.0	3.0	93.0	1.0	5.0	1.86	6.98	0.245	0.324	0.37200000000000005	0.696	211.1	5.58	81.0	21.0	10.0	11.0	131.0	1.1	8.0	1.64	7.11	0.27399999999999997	0.354	0.43799999999999994	0.7929999999999999	0
219521	Blanton, Joe	2008	0	0	0	0	0	0	0	0	0	0	0	0	0	0	0	0	0	0	0	0	0	1	0	0	0	0	0	0	0	0	0	3,700,000	0	1	0	4.016	197.2	4.69	33.0	33.0	9.0	12.0	0.0	1.9	7.0	1.68	5.05	0.271	0.32899999999999996	0.429	0.758	831.1	4.24	135.0	131.0	51.0	46.0	0.0	12.6	43.0	2.06	5.2	0.271	0.321	0.41100000000000003	0.732	0
179024	Wang, Chien-Ming	2008	0	0	0	0	0	0	0	0	0	0	0	0	0	0	0	0	0	0	0	1	0	0	0	0	0	0	0	0	0	0	0	4,000,000	0	1	0	3.159	95.0	4.07	15.0	15.0	8.0	2.0	105.0	1.6	7.0	1.54	5.12	0.249	0.318	0.335	0.654	628.2	3.79	97.0	95.0	54.0	20.0	187.0	10.6	45.0	1.58	4.02	0.265	0.32	0.365	0.685	0
221017	Hamels, Cole	2008	0	0	0	0	0	0	0	0	0	0	0	0	0	0	0	0	0	0	0	0	0	1	0	0	0	0	0	0	0	0	0	500,000	1	0	0	2.1430000000000002	227.1	3.09	33.0	33.0	14.0	10.0	0.0	4.7	18.0	3.7	7.76	0.22699999999999998	0.384	0.272	0.657	543.0	3.43	84.0	84.0	38.0	23.0	50.0	11.2	41.0	3.6	8.59	0.233	0.401	0.284	0.685	0
216709	Bush, David	2008	0	0	0	0	0	0	0	0	0	0	0	0	0	0	0	0	1	0	0	0	0	0	0	0	0	0	0	0	0	0	0	2,550,000	0	1	0	4.052	185.0	4.18	31.0	29.0	9.0	10.0	0.0	1.3	8.0	2.27	5.3	0.23399999999999999	0.29100000000000004	0.424	0.715	815.1	4.45	139.0	132.0	43.0	46.0	0.0	10.5	39.0	2.98	6.05	0.26	0.311	0.43799999999999994	0.7490000000000001	0
219060	Greinke, Zack	2008	0	0	0	0	0	0	0	0	0	0	0	0	1	0	0	0	0	0	0	0	0	0	0	0	0	0	0	0	0	0	0	1,475,000	0	1	0	4.0569999999999995	202.1	3.47	32.0	32.0	13.0	10.0	0.0	4.2	15.0	3.27	8.14	0.257	0.406	0.309	0.715	658.2	4.28	144.0	103.0	34.0	45.0	80.0	10.2	37.0	2.92	6.94	0.27399999999999997	0.44299999999999995	0.325	0.767	1
406071	Hernandez, Felix	2008	0	0	0	0	0	0	0	0	0	0	0	0	0	0	0	0	0	0	0	0	0	0	0	0	1	0	0	0	0	0	0	540,000	1	0	0	3.06	200.2	3.45	31.0	31.0	9.0	11.0	17.0	3.3	13.0	2.19	7.85	0.261	0.335	0.391	0.727	666.1	3.8	104.0	104.0	39.0	36.0	43.0	12.4	43.0	2.75	8.01	0.26	0.321	0.392	0.713	0
189686	Santana, Ervin	2008	0	0	0	0	0	0	0	0	0	0	0	0	0	0	1	0	0	0	0	0	0	0	0	0	0	0	0	0	0	0	0	445,000	1	0	0	3.1039999999999996	219.0	3.49	32.0	32.0	16.0	7.0	0.0	5.6	19.0	4.55	8.79	0.237	0.368	0.28300000000000003	0.6509999999999999	706.2	4.42	116.0	114.0	51.0	37.0	0.0	10.9	40.0	2.61	7.39	0.255	0.42	0.317	0.737	1
301848	Verlander, Justin	2008	0	0	0	0	0	0	0	0	0	0	1	0	0	0	0	0	0	0	0	0	0	0	0	0	0	0	0	0	0	0	0	1,130,000	1	0	0	3.002	201.0	4.84	33.0	33.0	11.0	17.0	0.0	3.0	8.0	1.87	7.3	0.254	0.33799999999999997	0.377	0.715	600.0	4.11	97.0	97.0	46.0	34.0	0.0	9.5	39.0	2.18	7.16	0.252	0.326	0.384	0.71	1
214783	Olsen, Scott	2008	0	0	0	0	0	0	0	0	0	0	0	0	0	0	0	0	0	0	0	0	0	0	0	0	0	0	0	0	0	0	1	405,000	1	0	0	3.1010000000000004	201.2	4.2	33.0	33.0	8.0	11.0	0.0	1.0	8.0	1.64	5.04	0.253	0.315	0.43700000000000006	0.7509999999999999	579.1	4.63	102.0	101.0	31.0	37.0	0.0	4.0	20.0	1.81	6.73	0.26899999999999996	0.34	0.452	0.792	1
159848	Rodriguez, Wandy	2008	0	0	0	0	0	0	0	0	0	0	0	1	0	0	0	0	0	0	0	0	0	0	0	0	0	0	0	0	0	0	0	451,000	1	0	0	3.105	137.1	3.54	25.0	25.0	9.0	7.0	38.0	2.9	9.0	2.98	8.58	0.256	0.316	0.401	0.7170000000000001	584.1	4.79	111.0	102.0	37.0	40.0	38.0	7.6	20.0	2.1	7.19	0.267	0.337	0.43799999999999994	0.775	1
218570	Maine, John	2008	0	0	0	0	0	0	0	0	0	0	0	0	0	0	0	0	0	0	1	0	0	0	0	0	0	0	0	0	0	0	0	450,000	1	0	0	3.013	140.0	4.18	25.0	25.0	10.0	8.0	46.0	1.7	7.0	1.82	7.84	0.23399999999999999	0.32299999999999995	0.37200000000000005	0.6940000000000001	464.2	4.18	84.0	81.0	33.0	27.0	86.0	5.4	24.0	1.97	7.71	0.233	0.315	0.395	0.71	1
204495	Nolasco, Ricky	2008	0	0	0	0	0	0	0	0	0	0	0	0	0	0	0	1	0	0	0	0	0	0	0	0	0	0	0	0	0	0	0	390,000	1	0	0	2.142	212.1	3.52	34.0	32.0	15.0	8.0	0.0	4.0	14.0	4.43	7.88	0.239	0.278	0.41	0.688	373.2	4.12	74.0	58.0	27.0	21.0	118.0	5.2	19.0	3.22	7.13	0.262	0.31	0.433	0.743	0
201700	Jackson, Edwin	2008	0	0	0	0	0	0	0	0	0	0	0	0	0	0	0	0	0	0	0	0	0	0	0	0	0	0	0	1	0	0	0	412,700	1	0	0	3.07	183.1	4.42	32.0	31.0	14.0	11.0	0.0	1.2	10.0	1.4	5.3	0.281	0.35200000000000004	0.444	0.7959999999999999	456.0	5.15	106.0	77.0	25.0	30.0	60.0	2.7	15.0	1.36	6.14	0.287	0.368	0.447	0.815	0
204608	Duke, Zachary	2008	0	0	0	0	0	0	0	0	0	0	0	0	0	0	0	0	0	0	0	0	0	0	1	0	0	0	0	0	0	0	0	400,000	1	0	0	3.094	185.0	4.82	31.0	31.0	5.0	14.0	0.0	2.0	3.0	1.85	4.23	0.304	0.348	0.46399999999999997	0.812	592.1	4.39	99.0	98.0	26.0	39.0	97.0	8.1	25.0	1.86	4.6	0.307	0.355	0.456	0.81	0
145462	De La Rosa, Jorge	2008	0	0	0	0	0	0	0	0	1	0	0	0	0	0	0	0	0	0	0	0	0	0	0	0	0	0	0	0	0	0	0	1,025,000	0	1	0	4.015	130.0	4.92	28.0	23.0	10.0	8.0	0.0	2.2	5.0	2.06	8.86	0.262	0.349	0.41100000000000003	0.76	404.0	5.55	125.0	64.0	25.0	31.0	86.0	2.7	12.0	1.47	7.22	0.282	0.371	0.451	0.8220000000000001	0
229348	Bannister, Brian	2008	0	0	0	0	0	0	0	0	0	0	0	0	1	0	0	0	0	0	0	0	0	0	0	0	0	0	0	0	0	0	0	421,000	1	0	0	2.158	182.2	5.76	32.0	32.0	9.0	16.0	0.0	0.9	2.0	1.95	5.57	0.294	0.34700000000000003	0.48	0.826	385.2	4.81	67.0	65.0	23.0	26.0	120.0	3.5	16.0	1.69	4.88	0.27	0.32799999999999996	0.442	0.77	1
215438	Johnson, Joshua	2008	0	0	0	0	0	0	0	0	0	0	0	0	0	0	0	1	0	0	0	0	0	0	0	0	0	0	0	0	0	0	0	390,000	1	0	0	3.0260000000000002	87.1	3.61	14.0	14.0	7.0	1.0	102.0	1.9	6.0	2.85	7.94	0.275	0.331	0.39299999999999996	0.723	272.1	3.54	53.0	43.0	19.0	11.0	268.0	4.8	19.0	2.0	7.73	0.26	0.33899999999999997	0.382	0.72	0
200988	Davies, Kyle	2008	0	0	0	0	0	0	0	0	0	0	0	0	1	0	0	0	0	0	0	0	0	0	0	0	0	0	0	0	0	0	0	427,000	1	0	0	3.0460000000000003	113.0	4.06	21.0	21.0	9.0	7.0	0.0	1.5	7.0	1.65	5.65	0.276	0.342	0.42	0.762	400.0	5.63	84.0	77.0	26.0	35.0	108.0	2.2	12.0	1.45	6.37	0.289	0.369	0.473	0.841	0
184281	Hill, Shawn	2008	0	0	0	0	0	0	0	0	0	0	0	0	0	0	0	0	0	0	0	0	0	0	0	0	0	0	0	0	0	0	1	402,000	1	0	0	2.153	63.1	5.83	12.0	12.0	1.0	5.0	115.0	0.9	0.0	1.7	5.54	0.331	0.382	0.496	0.878	206.1	4.93	37.0	37.0	7.0	15.0	304.0	2.9	7.0	1.94	5.67	0.28600000000000003	0.345	0.434	0.779	1
217112	McCarthy, Brandon	2008	0	0	0	0	0	0	0	0	0	0	0	0	0	0	0	0	0	0	0	0	0	0	0	0	0	0	0	0	1	0	0	404,780	1	0	0	3.055	22.0	4.09	5.0	5.0	1.0	1.0	130.0	0.1	1.0	1.25	4.09	0.244	0.312	0.42700000000000005	0.7390000000000001	275.1	4.54	93.0	39.0	13.0	20.0	183.0	1.7	14.0	1.75	6.08	0.256	0.325	0.439	0.764	0
179024	Wang, Chien-Ming	2007	0	0	0	0	0	0	0	0	0	0	0	0	0	0	0	0	0	0	0	1	0	0	0	0	0	0	0	0	0	0	0	489,500	1	0	0	2.1590000000000003	199.1	3.7	30.0	30.0	19.0	7.0	23.0	3.7	15.0	1.76	4.7	0.265	0.324	0.368	0.6920000000000001	533.2	3.74	82.0	80.0	46.0	18.0	82.0	8.9	38.0	1.59	3.83	0.268	0.32	0.371	0.691	1
220124	Kazmir, Scott	2007	0	0	0	0	0	0	0	0	0	0	0	0	0	0	0	0	0	0	0	0	0	0	0	0	0	0	0	1	0	0	0	424,300	1	0	0	3.042	206.2	3.48	34.0	34.0	13.0	9.0	0.0	4.8	13.0	2.69	10.41	0.251	0.331	0.38	0.711	570.2	3.64	98.0	97.0	35.0	29.0	55.0	12.7	37.0	2.35	9.73	0.247	0.332	0.384	0.716	0
173396	Capuano, Chris	2007	0	0	0	0	0	0	0	0	0	0	0	0	0	0	0	0	1	0	0	0	0	0	0	0	0	0	0	0	0	0	0	3,250,000	0	1	0	4.045	150.0	5.1	29.0	25.0	5.0	12.0	22.0	1.9	5.0	2.44	7.92	0.28600000000000003	0.35200000000000004	0.451	0.8029999999999999	711.2	4.39	124.0	116.0	42.0	48.0	115.0	9.1	38.0	2.44	7.4	0.266	0.332	0.446	0.779	0
219521	Blanton, Joe	2007	0	0	0	0	0	0	0	0	0	0	0	0	0	0	0	0	0	0	0	0	1	0	0	0	0	0	0	0	0	0	0	380,000	1	0	0	3.016	230.0	3.95	34.0	34.0	14.0	10.0	0.0	5.3	13.0	3.5	5.48	0.26899999999999996	0.301	0.37799999999999995	0.679	633.2	4.1	102.0	98.0	42.0	34.0	0.0	10.7	36.0	2.21	5.24	0.271	0.318	0.406	0.723	0
161342	Cabrera, Daniel	2007	0	0	0	1	0	0	0	0	0	0	0	0	0	0	0	0	0	0	0	0	0	0	0	0	0	0	0	0	0	0	0	1,950,000	0	1	0	3.134	204.1	5.55	34.0	34.0	9.0	18.0	0.0	1.7	6.0	1.54	7.31	0.265	0.363	0.414	0.777	661.1	4.99	117.0	116.0	40.0	49.0	41.0	8.0	28.0	1.43	7.57	0.251	0.35600000000000004	0.38299999999999995	0.7390000000000001	1
216709	Bush, David	2007	0	0	0	0	0	0	0	0	0	0	0	0	0	0	0	0	1	0	0	0	0	0	0	0	0	0	0	0	0	0	0	450,000	1	0	0	3.052	186.1	5.12	33.0	31.0	12.0	10.0	0.0	2.2	6.0	3.05	6.47	0.29	0.33799999999999997	0.47700000000000004	0.815	630.1	4.53	108.0	103.0	34.0	36.0	0.0	9.2	31.0	3.23	6.27	0.268	0.317	0.442	0.759	1
205397	Gaudin, Chad	2007	0	0	0	0	0	0	0	0	0	0	0	0	0	0	0	0	0	0	0	0	1	0	0	0	0	0	0	0	0	0	0	400,000	1	0	0	3.0039999999999996	199.1	4.42	34.0	34.0	11.0	13.0	0.0	1.8	9.0	1.54	6.95	0.267	0.354	0.42100000000000004	0.7759999999999999	359.0	4.46	135.0	44.0	19.0	20.0	0.0	2.0	20.0	1.42	6.39	0.275	0.36	0.43200000000000005	0.792	1
219060	Greinke, Zack	2007	0	0	0	0	0	0	0	0	0	0	0	0	1	0	0	0	0	0	0	0	0	0	0	0	0	0	0	0	0	0	0	407,000	1	0	0	3.057	122.0	3.69	52.0	14.0	7.0	7.0	0.0	2.2	9.0	2.94	7.82	0.265	0.319	0.42700000000000005	0.747	456.1	4.63	112.0	71.0	21.0	35.0	80.0	6.0	22.0	2.75	6.41	0.281	0.332	0.45899999999999996	0.79	1
157045	Belisle, Matt	2007	0	0	0	0	0	0	1	0	0	0	0	0	0	0	0	0	0	0	0	0	0	0	0	0	0	0	0	0	0	0	0	390,000	1	0	0	3.0260000000000002	177.2	5.32	30.0	30.0	8.0	9.0	0.0	2.4	5.0	2.91	6.33	0.301	0.34299999999999997	0.48200000000000004	0.825	312.0	4.85	126.0	37.0	15.0	18.0	71.0	2.8	12.0	2.4	6.23	0.29600000000000004	0.349	0.46399999999999997	0.813	1
198327	Mitre, Sergio	2007	0	0	0	0	0	0	0	0	0	0	0	0	0	0	0	1	0	0	0	0	0	0	0	0	0	0	0	0	0	0	0	380,000	1	0	0	3.056	149.0	4.65	27.0	27.0	5.0	8.0	17.0	2.4	4.0	1.95	4.83	0.303	0.35200000000000004	0.40299999999999997	0.755	310.2	5.36	78.0	52.0	10.0	23.0	105.0	2.7	6.0	1.74	5.45	0.298	0.361	0.435	0.7959999999999999	0
146845	Redding, Tim	2007	0	0	0	0	0	0	0	0	0	0	0	0	0	0	0	0	0	0	0	0	0	0	0	0	0	0	0	0	0	0	1	450,000	0	1	0	3.167	84.0	3.64	15.0	15.0	3.0	6.0	0.0	0.2	5.0	1.24	5.04	0.265	0.35	0.40700000000000003	0.757	520.1	4.91	116.0	94.0	24.0	40.0	44.0	3.5	19.0	1.6	6.16	0.281	0.355	0.45299999999999996	0.8079999999999999	0
181221	Wellemeyer, Todd	2007	0	0	0	0	0	0	0	0	0	0	0	0	0	0	0	0	0	0	0	0	0	0	0	0	0	0	1	0	0	0	0	635,000	0	1	0	4.0089999999999995	79.1	4.54	32.0	11.0	3.0	3.0	46.0	0.2	4.0	1.5	6.81	0.254	0.34299999999999997	0.409	0.752	242.0	4.98	135.0	11.0	9.0	10.0	101.0	-0.4	9.0	1.36	7.66	0.254	0.361	0.41200000000000003	0.773	1
145462	De La Rosa, Jorge	2007	0	0	0	0	0	0	0	0	0	0	0	0	1	0	0	0	0	0	0	0	0	0	0	0	0	0	0	0	0	0	0	417,000	1	0	0	3.034	130.0	5.82	26.0	23.0	8.0	12.0	41.0	0.4	3.0	1.55	5.68	0.304	0.368	0.505	0.873	274.0	5.85	97.0	41.0	15.0	23.0	86.0	0.4	7.0	1.23	6.44	0.29100000000000004	0.38	0.469	0.8490000000000001	0
148227	Backe, Brandon	2007	0	0	0	0	0	0	0	0	0	0	0	1	0	0	0	0	0	0	0	0	0	0	0	0	0	0	0	0	0	0	0	570,000	0	1	0	4.088	28.2	3.77	5.0	5.0	3.0	1.0	153.0	0.1	3.0	1.0	3.45	0.248	0.325	0.42200000000000004	0.747	345.2	4.63	109.0	47.0	22.0	15.0	336.0	1.8	19.0	1.44	5.81	0.266	0.348	0.435	0.7829999999999999	0
117074	Durbin, Chad	2007	0	0	0	0	0	0	0	0	0	0	0	0	0	0	0	0	0	0	0	0	0	1	0	0	0	0	0	0	0	0	0	385,000	1	0	0	3.102	127.2	4.72	36.0	19.0	8.0	7.0	0.0	-0.2	6.0	1.35	4.65	0.268	0.33899999999999997	0.442	0.7809999999999999	465.0	5.75	114.0	75.0	25.0	37.0	0.0	0.6	16.0	1.37	5.13	0.28800000000000003	0.36	0.47700000000000004	0.8370000000000001	0
154677	Chacin, Gustavo	2007	0	0	0	0	0	0	0	0	0	0	0	0	0	0	0	0	0	0	0	0	0	0	0	0	0	0	0	0	0	1	0	395,300	1	0	0	3.014	27.1	5.6	5.0	5.0	2.0	1.0	155.0	-0.2	1.0	1.57	3.62	0.266	0.322	0.505	0.8270000000000001	331.2	4.18	58.0	58.0	25.0	15.0	248.0	2.8	21.0	1.57	5.02	0.268	0.335	0.445	0.78	0
148247	Hudson, Luke	2007	0	0	0	0	0	0	0	0	0	0	0	0	1	0	0	0	0	0	0	0	0	0	0	0	0	0	0	0	0	0	0	422,000	1	0	0	3.023	2.0	18.0	1.0	1.0	0.0	1.0	182.0	-0.2	0.0	0.0	0.0	0.222	0.462	0.667	1.128	243.0	5.11	58.0	41.0	17.0	18.0	249.0	1.8	10.0	1.32	6.0	0.259	0.354	0.42	0.775	0
187220	Willis, Dontrelle	2006	0	0	0	0	0	0	0	0	0	0	0	0	0	0	0	1	0	0	0	0	0	0	0	0	0	0	0	0	0	0	0	4,350,000	0	1	0	3.1430000000000002	223.1	3.87	34.0	34.0	12.0	12.0	0.0	3.1	13.0	1.93	6.45	0.27399999999999997	0.349	0.396	0.745	817.1	3.44	127.0	127.0	58.0	39.0	0.0	16.0	58.0	2.38	6.73	0.259	0.322	0.386	0.7090000000000001	0
164728	Harang, Aaron	2006	0	0	0	0	0	0	1	0	0	0	0	0	0	0	0	0	0	0	0	0	0	0	0	0	0	0	0	0	0	0	0	2,350,000	0	1	0	4.061	234.1	3.76	36.0	35.0	16.0	11.0	0.0	5.8	18.0	3.86	8.3	0.26899999999999996	0.433	0.315	0.748	761.2	4.28	128.0	125.0	47.0	43.0	24.0	14.3	41.0	2.72	7.21	0.273	0.442	0.327	0.769	1
205127	Prior, Mark	2006	0	0	0	0	0	1	0	0	0	0	0	0	0	0	0	0	0	0	0	0	0	0	0	0	0	0	0	0	0	0	0	3,650,000	0	1	0	4.131	43.2	7.21	9.0	9.0	1.0	6.0	145.0	-0.2	0.0	1.36	7.83	0.26899999999999996	0.392	0.474	0.866	657.0	3.51	106.0	106.0	42.0	29.0	282.0	16.3	49.0	3.39	10.37	0.235	0.305	0.38799999999999996	0.693	1
164707	Bedard, Erik	2006	0	0	0	1	0	0	0	0	0	0	0	0	0	0	0	0	0	0	0	0	0	0	0	0	0	0	0	0	0	0	0	1,625,000	0	1	0	3.1710000000000003	196.1	3.76	33.0	33.0	15.0	11.0	0.0	4.6	13.0	2.48	7.84	0.258	0.322	0.37	0.6920000000000001	476.0	4.08	86.0	83.0	27.0	29.0	240.0	10.5	27.0	2.12	7.9	0.263	0.337	0.38	0.7170000000000001	1
315222	Robertson, Nathan	2006	0	0	0	0	0	0	0	0	0	0	1	0	0	0	0	0	0	0	0	0	0	0	0	0	0	0	0	0	0	0	0	402,500	1	0	0	3.065	208.2	3.84	32.0	32.0	13.0	13.0	0.0	2.2	14.0	2.04	5.91	0.259	0.32	0.424	0.7440000000000001	655.0	4.56	112.0	105.0	33.0	42.0	0.0	5.5	30.0	2.0	6.18	0.271	0.33299999999999996	0.44	0.773	0
173396	Capuano, Chris	2006	0	0	0	0	0	0	0	0	0	0	0	0	0	0	0	0	1	0	0	0	0	0	0	0	0	0	0	0	0	0	0	450,000	1	0	0	3.045	221.1	4.03	34.0	34.0	11.0	12.0	0.0	4.0	14.0	3.7	7.08	0.265	0.307	0.447	0.755	561.2	4.2	95.0	91.0	37.0	36.0	93.0	7.1	33.0	2.44	7.26	0.261	0.327	0.445	0.772	1
146691	Hendrickson, Mark	2006	0	0	0	0	0	0	0	0	0	0	0	0	0	1	0	0	0	0	0	0	0	0	0	0	0	0	0	0	0	0	0	1,950,000	0	1	0	4.056	164.2	4.21	31.0	25.0	6.0	15.0	18.0	2.2	8.0	1.6	5.41	0.26899999999999996	0.335	0.396	0.731	721.1	4.98	140.0	120.0	39.0	47.0	34.0	8.5	28.0	1.78	4.64	0.29100000000000004	0.33899999999999997	0.45399999999999996	0.794	0
134934	Ramirez, Horacio	2006	0	0	0	0	0	0	0	0	0	0	0	0	0	0	0	0	0	0	0	0	0	0	0	0	1	0	0	0	0	0	0	2,200,000	0	1	0	4.086	76.1	4.48	14.0	14.0	5.0	5.0	105.0	0.8	3.0	1.19	4.36	0.287	0.359	0.392	0.7509999999999999	521.1	4.13	86.0	84.0	30.0	22.0	303.0	3.0	25.0	1.24	4.28	0.27	0.33899999999999997	0.426	0.765	0
110683	Vargas, Claudio	2006	0	0	0	0	0	0	0	0	0	0	0	0	0	0	0	0	1	0	0	0	0	0	0	0	0	0	0	0	0	0	0	1,275,000	0	1	0	3.157	167.2	4.83	31.0	30.0	12.0	10.0	0.0	1.9	7.0	2.37	6.6	0.27399999999999997	0.332	0.473	0.805	532.1	4.92	124.0	87.0	32.0	32.0	78.0	2.2	23.0	1.81	6.24	0.26899999999999996	0.341	0.483	0.8240000000000001	1
160743	Perez, Oliver	2006	0	0	0	0	0	0	0	0	0	0	0	0	0	0	0	0	0	0	1	0	0	0	0	0	0	0	0	0	0	0	0	1,900,000	0	1	0	4.034	112.2	6.55	22.0	22.0	3.0	13.0	0.0	0.1	0.0	1.5	8.15	0.293	0.387	0.47700000000000004	0.865	628.1	4.67	112.0	111.0	30.0	43.0	94.0	5.0	23.0	1.96	9.64	0.24600000000000002	0.34600000000000003	0.428	0.774	0
161342	Cabrera, Daniel	2006	0	0	0	1	0	0	0	0	0	0	0	0	0	0	0	0	0	0	0	0	0	0	0	0	0	0	0	0	0	0	0	385,000	1	0	0	2.134	148.0	4.74	26.0	26.0	9.0	10.0	21.0	2.6	7.0	1.51	9.55	0.24100000000000002	0.364	0.359	0.723	457.0	4.75	83.0	82.0	31.0	31.0	41.0	6.3	22.0	1.39	7.68	0.245	0.353	0.369	0.722	0
352577	Patterson, John	2006	0	0	0	0	0	0	0	0	0	0	0	0	0	0	0	0	0	0	0	0	0	0	0	0	0	0	0	0	0	0	1	450,000	1	0	0	3.1260000000000003	40.2	4.43	8.0	8.0	1.0	2.0	146.0	1.1	2.0	4.67	9.3	0.237	0.28600000000000003	0.401	0.687	423.0	4.09	81.0	71.0	17.0	20.0	239.0	6.7	21.0	2.55	8.51	0.24600000000000002	0.319	0.41100000000000003	0.73	0
333256	Snyder, Kyle	2006	0	0	0	0	1	0	0	0	0	0	0	0	0	0	0	0	0	0	0	0	0	0	0	0	0	0	0	0	0	0	0	335,000	1	0	0	3.0260000000000002	60.1	6.56	17.0	11.0	4.0	5.0	0.0	0.3	1.0	2.85	8.5	0.331	0.38	0.544	0.924	181.2	5.94	45.0	29.0	6.0	14.0	321.0	1.6	5.0	2.25	5.7	0.314	0.35600000000000004	0.502	0.858	0
139161	Zambrano, Carlos	2005	0	0	0	0	0	1	0	0	0	0	0	0	0	0	0	0	0	0	0	0	0	0	0	0	0	0	0	0	0	0	0	3,760,000	0	1	0	4.042	223.1	3.26	33.0	33.0	14.0	6.0	0.0	4.2	18.0	2.35	8.14	0.212	0.293	0.33799999999999997	0.632	763.0	3.26	134.0	113.0	48.0	35.0	28.0	14.4	61.0	1.97	7.73	0.228	0.318	0.341	0.659	1
360336	Eaton, Adam	2005	0	0	0	0	0	0	0	0	0	0	0	0	0	0	0	0	0	0	0	0	0	0	0	0	0	0	0	0	1	0	0	3,375,000	0	1	0	5.125	128.2	4.27	24.0	22.0	11.0	5.0	67.0	1.7	5.0	2.27	6.99	0.275	0.335	0.44	0.775	796.0	4.34	133.0	131.0	47.0	41.0	323.0	9.3	32.0	2.21	7.04	0.257	0.32299999999999995	0.424	0.748	0
187220	Willis, Dontrelle	2005	0	0	0	0	0	0	0	0	0	0	0	0	0	0	0	1	0	0	0	0	0	0	0	0	0	0	0	0	0	0	0	378,500	1	0	0	2.1430000000000002	236.1	2.63	34.0	34.0	22.0	10.0	0.0	6.5	22.0	3.09	6.47	0.243	0.292	0.35200000000000004	0.644	594.0	3.27	93.0	93.0	46.0	27.0	0.0	13.0	45.0	2.59	6.83	0.254	0.312	0.382	0.6940000000000001	0
173603	Beckett, Josh	2005	0	0	0	0	1	0	0	0	0	0	0	0	0	0	0	0	0	0	0	0	0	0	0	0	0	0	0	0	0	0	0	2,425,000	0	1	0	4.03	178.2	3.38	29.0	29.0	15.0	8.0	32.0	4.2	12.0	2.86	8.36	0.23399999999999999	0.303	0.369	0.672	609.0	3.46	106.0	103.0	41.0	34.0	219.0	13.7	40.0	2.72	8.97	0.23399999999999999	0.306	0.371	0.6779999999999999	1
118028	Lilly, Ted	2005	0	0	0	0	0	0	0	0	0	0	0	0	0	0	0	0	0	0	0	0	0	0	0	0	0	0	0	0	0	1	0	3,100,000	0	1	0	5.102	126.1	5.56	25.0	25.0	10.0	11.0	50.0	0.5	4.0	1.66	6.84	0.272	0.348	0.467	0.815	754.1	4.67	153.0	128.0	44.0	45.0	149.0	8.6	38.0	2.12	7.62	0.25	0.324	0.434	0.758	0
131108	Lohse, Kyle	2005	0	0	0	0	0	0	0	0	0	0	0	0	0	0	0	0	0	1	0	0	0	0	0	0	0	0	0	0	0	0	0	2,400,000	0	1	0	4.103	178.2	4.18	31.0	30.0	9.0	13.0	0.0	1.6	10.0	1.95	4.33	0.299	0.345	0.455	0.799	844.2	4.72	150.0	144.0	49.0	52.0	0.0	6.9	40.0	1.95	5.49	0.28300000000000003	0.34	0.45399999999999996	0.794	1
167574	Lackey, John	2005	0	0	0	0	0	0	0	0	0	0	0	0	0	0	1	0	0	0	0	0	0	0	0	0	0	0	0	0	0	0	0	440,000	1	0	0	3.095	209.0	3.44	33.0	33.0	14.0	5.0	0.0	5.3	16.0	2.8	8.57	0.258	0.325	0.36200000000000004	0.687	719.2	4.15	117.0	116.0	47.0	38.0	0.0	12.1	40.0	2.45	7.04	0.27	0.331	0.41	0.741	0
97717	Lopez, Rodrigo	2005	0	0	0	1	0	0	0	0	0	0	0	0	0	0	0	0	0	0	0	0	0	0	0	0	0	0	0	0	0	0	0	2,575,000	0	1	0	4.0360000000000005	209.1	4.9	35.0	35.0	15.0	12.0	0.0	2.0	8.0	1.87	5.07	0.276	0.33	0.452	0.782	748.1	4.56	137.0	118.0	51.0	43.0	44.0	8.9	39.0	2.11	5.95	0.271	0.32899999999999996	0.43700000000000006	0.7659999999999999	1
205127	Prior, Mark	2005	0	0	0	0	0	1	0	0	0	0	0	0	0	0	0	0	0	0	0	0	0	0	0	0	0	0	0	0	0	0	0	2,750,000	1	0	0	3.1310000000000002	166.2	3.67	27.0	27.0	11.0	7.0	38.0	2.9	12.0	3.19	10.15	0.22699999999999998	0.29600000000000004	0.39399999999999996	0.69	613.1	3.24	97.0	97.0	41.0	23.0	137.0	16.5	49.0	3.69	10.55	0.233	0.297	0.382	0.679	1
171099	Myers, Brett	2005	0	0	0	0	0	0	0	0	0	0	0	0	0	0	0	0	0	0	0	0	0	1	0	0	0	0	0	0	0	0	0	445,000	1	0	0	3.068	215.1	3.72	34.0	34.0	13.0	8.0	0.0	3.4	14.0	3.06	8.69	0.237	0.304	0.41	0.7140000000000001	656.1	4.47	110.0	109.0	42.0	33.0	0.0	6.7	30.0	2.13	6.87	0.264	0.33299999999999996	0.441	0.774	0
81813	Zambrano, Victor	2005	0	0	0	0	0	0	0	0	0	0	0	0	0	0	0	0	0	0	1	0	0	0	0	0	0	0	0	0	0	0	0	2,100,000	0	1	0	4.0889999999999995	166.1	4.17	31.0	27.0	7.0	12.0	0.0	1.6	7.0	1.45	6.06	0.264	0.353	0.391	0.7440000000000001	662.0	4.38	169.0	91.0	44.0	39.0	47.0	3.6	35.0	1.34	6.77	0.247	0.353	0.396	0.7490000000000001	0
101721	Arroyo, Bronson	2005	0	0	0	0	1	0	0	0	0	0	0	0	0	0	0	0	0	0	0	0	0	0	0	0	0	0	0	0	0	0	0	1,925,000	0	1	0	3.15	205.1	4.51	35.0	32.0	14.0	10.0	0.0	2.4	11.0	1.85	4.38	0.266	0.43799999999999994	0.322	0.759	588.1	4.59	126.0	90.0	33.0	33.0	0.0	7.2	29.0	1.93	5.61	0.267	0.43200000000000005	0.332	0.765	1
164728	Harang, Aaron	2005	0	0	0	0	0	0	1	0	0	0	0	0	0	0	0	0	0	0	0	0	0	0	0	0	0	0	0	0	0	0	0	440,000	1	0	0	3.0610000000000004	211.2	3.83	32.0	32.0	11.0	13.0	0.0	4.6	11.0	3.2	6.93	0.267	0.315	0.43200000000000005	0.747	527.1	4.51	92.0	90.0	31.0	32.0	24.0	8.5	23.0	2.35	6.72	0.27399999999999997	0.332	0.446	0.779	0
205144	Bonderman, Jeremy	2005	0	0	0	0	0	0	0	0	0	0	1	0	0	0	0	0	0	0	0	0	0	0	0	0	0	0	0	0	0	0	0	400,000	1	0	0	3.0	189.0	4.57	29.0	29.0	14.0	13.0	0.0	3.2	9.0	2.54	6.9	0.271	0.326	0.436	0.762	535.0	4.98	95.0	89.0	31.0	45.0	0.0	6.9	19.0	2.24	7.08	0.26899999999999996	0.332	0.44	0.773	0
134934	Ramirez, Horacio	2005	0	0	1	0	0	0	0	0	0	0	0	0	0	0	0	0	0	0	0	0	0	0	0	0	0	0	0	0	0	0	0	370,000	1	0	0	3.0860000000000003	202.1	4.63	33.0	32.0	11.0	9.0	0.0	0.4	8.0	1.19	3.56	0.282	0.33899999999999997	0.449	0.7879999999999999	445.0	4.07	72.0	70.0	25.0	17.0	198.0	2.2	22.0	1.25	4.27	0.266	0.335	0.43200000000000005	0.767	0
107723	Sosa, Jorge	2005	0	0	1	0	0	0	0	0	0	0	0	0	0	0	0	0	0	0	0	0	0	0	0	0	0	0	0	0	0	0	0	700,000	0	1	0	3.158	134.0	2.55	44.0	20.0	13.0	3.0	0.0	1.1	14.0	1.33	5.71	0.24100000000000002	0.325	0.374	0.6990000000000001	461.1	4.41	147.0	61.0	24.0	29.0	30.0	1.7	24.0	1.29	5.83	0.254	0.341	0.415	0.755	1
146691	Hendrickson, Mark	2005	0	0	0	0	0	0	0	0	0	0	0	0	0	0	0	0	0	0	0	0	0	0	0	0	0	0	0	1	0	0	0	377,500	1	0	0	3.056	178.1	5.9	31.0	31.0	11.0	8.0	16.0	1.6	4.0	1.82	4.49	0.311	0.353	0.503	0.856	556.2	5.21	109.0	95.0	33.0	32.0	16.0	6.3	20.0	1.86	4.41	0.298	0.341	0.47100000000000003	0.812	0
160743	Perez, Oliver	2005	0	0	0	0	0	0	0	0	0	0	0	0	0	0	0	0	0	0	0	0	0	0	1	0	0	0	0	0	0	0	0	381,000	1	0	0	3.08	103.0	5.85	20.0	20.0	7.0	5.0	68.0	-0.8	2.0	1.39	8.48	0.264	0.382	0.49200000000000005	0.8740000000000001	515.2	4.26	90.0	89.0	27.0	30.0	94.0	4.8	23.0	2.07	9.97	0.235	0.337	0.41600000000000004	0.753	0
164707	Bedard, Erik	2005	0	0	0	1	0	0	0	0	0	0	0	0	0	0	0	0	0	0	0	0	0	0	0	0	0	0	0	0	0	0	0	330,000	1	0	0	2.171	141.2	4.0	24.0	24.0	6.0	8.0	57.0	3.4	8.0	2.19	7.94	0.26	0.33299999999999996	0.363	0.696	279.2	4.31	53.0	50.0	12.0	18.0	240.0	5.9	14.0	1.93	7.95	0.266	0.34700000000000003	0.387	0.7340000000000001	0
110683	Vargas, Claudio	2005	0	1	0	0	0	0	0	0	0	0	0	0	0	0	0	0	0	0	0	0	0	0	0	0	0	0	0	0	0	0	0	325,000	1	0	0	2.157	132.1	5.24	25.0	23.0	9.0	9.0	38.0	0.6	6.0	2.02	6.46	0.278	0.345	0.509	0.853	364.2	4.96	93.0	57.0	20.0	22.0	78.0	0.3	16.0	1.62	6.07	0.267	0.345	0.488	0.833	0
143726	Hernandez, Runelvys	2005	0	0	0	0	0	0	0	0	0	0	0	0	1	0	0	0	0	0	0	0	0	0	0	0	0	0	0	0	0	0	0	325,000	1	0	0	3.077	159.2	5.52	29.0	29.0	8.0	14.0	15.0	1.1	4.0	1.26	4.96	0.27699999999999997	0.353	0.447	0.8	325.2	5.0	57.0	57.0	19.0	23.0	296.0	3.3	16.0	1.4	5.0	0.268	0.34	0.429	0.769	0
600170	Small, Aaron	2005	0	0	0	0	0	0	0	0	0	0	0	0	0	0	0	0	0	0	0	1	0	0	0	0	0	0	0	0	0	0	0	350,000	1	0	0	3.0410000000000004	76.0	3.2	15.0	9.0	10.0	0.0	0.0	1.3	7.0	1.54	4.38	0.25	0.317	0.37	0.687	294.0	4.9	161.0	12.0	25.0	10.0	0.0	1.2	17.0	1.26	4.84	0.292	0.365	0.433	0.797	1
136675	Downs, Scott	2005	0	0	0	0	0	0	0	0	0	0	0	0	0	0	0	0	0	0	0	0	0	0	0	0	0	0	0	0	0	1	0	330,000	1	0	0	3.1210000000000004	94.0	4.31	26.0	13.0	4.0	3.0	0.0	1.0	5.0	2.21	7.18	0.253	0.324	0.41100000000000003	0.736	257.0	5.01	58.0	45.0	11.0	13.0	308.0	2.2	8.0	1.8	6.3	0.29100000000000004	0.36	0.47	0.83	0
123760	Day, Zach	2005	0	0	0	0	0	0	0	0	1	0	0	0	0	0	0	0	0	0	0	0	0	0	0	0	0	0	0	0	0	0	0	357,500	1	0	0	3.052	47.1	6.85	17.0	8.0	1.0	3.0	62.0	-0.2	0.0	0.72	4.37	0.314	0.41200000000000003	0.479	0.892	332.2	4.41	78.0	52.0	19.0	22.0	199.0	2.5	18.0	1.13	4.6	0.265	0.348	0.409	0.758	0
142796	Kim, Sun Woo	2005	0	0	0	0	0	0	0	0	1	0	0	0	0	0	0	0	0	0	0	0	0	0	0	0	0	0	0	0	0	0	0	316,000	1	0	0	2.151	82.2	4.9	24.0	10.0	6.0	3.0	0.0	1.1	4.0	2.62	5.99	0.293	0.33799999999999997	0.441	0.779	323.1	5.01	110.0	37.0	13.0	12.0	0.0	1.7	13.0	1.71	5.65	0.29100000000000004	0.361	0.451	0.8109999999999999	1
